0,ardin,Unmodified,AJGYIUAJGYIUAJGYIUAJGYIUAJAHIUAJGYJWAJGYJWAJGYJWAJAHABAJAHJWAJAHABBLAHABBLAHABBLAHABAJAHIUIFAHAGJLAHAGLMBNIUHQBNAGJOKBABAJCGABIYAHABCWAHJWDJAHGNDOAHABIOAHHTCQDMGNHJAHABFGLCFMFGBXCKEZKCKJDBKCBMANKCABHWKCEOLALCAFAILCAFKNLCIUEKJAIMFOJAAFFOJFIMFOJAIMBTLLDPKRFIDGCHFIGSCXFIDL
1,ardin,Unmodified,AJGYABAJIJABAJAHABAJAHABAXAHABAXIJABAXIJABAXJFABAXAHABAXAHABAXJFABIBJFABIBJFABAJCOABAJCGABAJCGABIBCGABBLCGABAJCGABFGADABAEBNABAAADABGKGFABHCGFABDOGYABJOGYABJOJFHYDOJFABDOGYABITGFABFGGKABIYGYFZIYGYFZIXGYJNIYGYABCSCFGRHXKBABKRCFABFGDMLEFGENHTHQFRJTHQKTAOGCFRKWGCLLGEGGLLGE
2,ardin,Unmodified,AEAHAGAEAHAGAEAHAGAEAHAGAEAHAGAECGAGAECGABAECGAGAECGAGAEAHAGAEAHIUAEAHIUAEAHIUAEAHIUAEAHIUAEAHIUAEAHIUAEAHAGAEAHIUAEAHABIGAHGNAEAHLCAEAHABAEAHABAEAHABBLAHAZIFAHGNAJINHTHAINJMJRKCJZJRKCDLIVLDCRIVJAIUJRBSIUJOHVATJOHVJJGQGKLBGFGKDGJOGKAFJOKTBMAJFIIUDOKTAFDSFIIUIYFIKJAJKTAF
3,ardin,Unmodified,AEAHAGAEAHAGAEAHAGAEAHAGAEAHAGAECGAGAECGABAECGAGAECGAGAEAHAGAEAHIUAEAHIUAEAHIUAEAHIUAEAHIUAEAHIUAEAHIUAEAHAGAEAHIUAEAHABIGAHGNAEAHLCAEAHABAEAHABAEAHABBLAHAZIFAHGNAJINHTHAINJMJRKCJZJRKCDLIVLDCRIVJAIUJRBSIUJOHVATJOHVJJGQGKLBGFGKDGJOGKAFJOKTBMAJFIIUDOKTAFDSFIIUIYFIKJAJKTAF
4,ardin,Unmodified,HSGFHTHSBSHTHSLCHTIBLCHVHSLCHVHSFSHVHSIWHVHSIWJBHSKTEYHSKTLHHSACEYHSKTHTHSFIKYHSINHTHSACHTIBINHTIBACHTCMACHTFGACHTFGACHTFSACHTFGACHTFGACHTFSACHTIVACHTGQACHTIBACHTIGIJHTIBIJHTAIIJHTAIIJHTFXIJIDGLLLHUCYLLHTCYIJHTDOLLLBHLLLJZIOLLCYITLLGLDKLHGVKMLLAWFTLLAWFTLLGSEZKCLMCLADFJ
5,ardin,Unmodified,AEGYKSAEGYHCAEGYLKIBCOIVIBGYKOIBGYKSITGYKSITJAKSITAHKSITAHIVITAHIVITAHIVITAHIVAJAHIVAJAHIVAJAHIVAJAHIZAJAHIVAJAHKEFGAHIVAJAHLBFGAHLFIBDMLFAJAHDLIFBXHUGGAHCAIFAHCAIFAHJKAIAHJKAIAHHIKXAHITGFLCIRGZLCKEGFBXIHGFBXJFKADIKRJXFILLIGLCLLIGALKUKZBSLHKZKTIUFGADLHEZADKSEZKYIZEZKTIZ
6,ardin,Unmodified,LJALHPHOKYHPHXADHPAJADBDHXCKBDHXCKHPIBBFHPHXDMAWHXBNIQFADMHPAECKABFACKIQAEBNIQAEBNHPAJBNHPAJADHPJOADHPIFADHPIFADHPIFDIHPGGCGIQJPCGFQKNIJHLJRCGABJOCGABGGIJABDRIJIQLHLCGNAJFEHPHUAHIUKSKCJLAIKCHKBLLCIHAXKCIHCLKCJLHXDIBQDKDVIMGLDVIHKVFIEXHNGFILCLHZILCLLLIHHTKTIHJYKTHKHXHIIM
7,arm,Unmodified,KRAMIDKIAMKSKRAMIVKVAMIMKVAMIQIGAMIQIGAMIQKRAWIUKRAWIQBLAWIQKMAMIQKIAWIQKMJJIQKMJJIQEVJJIQIGJJIQIGLLIQIGLLIQKRLLIQCZLLIQHSLLIZKMAWIQKMHZIQKMJFLBFAAMIUKGAMIUIGAMIUIGAMIUIXCFJLARJFIUIXAMIUKUIJDUJKIJJLKUAMCJKUKBCALHKBJLJFKBHTKPKBIUJFKBEIKIIJKAIYLLKOITBJKHKRIJIMFAIJHCKIIJIU
8,arm,Unmodified,DBLLEFHSLCEFKRLCAUKRAHAUIPAHEFASAHAUASAHAUASAHAUKRAHEFLAAHAULAAHKALAAHAULAAHLGLAAHLGDBJAAULAJAAUIPJAAULALLAULAAHAULAAHAUKMBJAUBYBJAUKMBJLFASBJHYASDILFASDIHYASDIKRKMBNAUKMBNDQKMIADQKRBNDQINBNDQJOBNAWJOKYIUJMKYIUFXKYIUJKKYCAJKKYGLKPENJYJKKBCAJBCKEQKMCFCAASKBDTKMFRCAASGAGL
9,arm,Unmodified,ASDIIQASDIIQASDIIQASDIEXASJBFQASJBIMASDIDQASDIIMASDIIMASAQIMASHZFQASESIMASESJQASLCJQASLCIMASLCIMASLCIMASLCIMASLCIMASLCIMASLCJQASLCIMASBSFQASJFIQLNAQIQASAQIMASKYABHSKYHLASDMAGLAFRJVCQHZIQIOBNIQFTIADUFTBNIQGLBNKHCHKBLBBAKBLBKLCFLBKLKBLKFTKBJLFTFRHTASKBHTASKYHTASFRHTLAKYHT
10,arm,Unmodified,HXLLAPHXLLAPHXHMAPHXHMAPHXHMAPHXKYAPHXKYAPHXKYAPKMKYAPKMKYAPHXJFAPKMKYAPHXKYAPKMKYAPHXKYAPHXKYAPHXKYLBHXIJLBKMIJIUHXKYIUHXKYDLKMHZKJIGLLAPHXCUAPHXHIAPHXHIAPHXHIAPHXKYAPHXKYDLHXKYDLHXHIGNEVHIJWGLHIKWKMKKAPKMKKAPHSKYAPHSKYLBITKYLBBLHMGEIYKYLFDOKYLFHCKYGRHBKYIUCDKYAOIOCUAO
11,arm,Unmodified,ANIJDLITIJEHANIJLGANIJIVANIJLGANIJKXANIJKSANIJCJANIJCJANIJCJANIJCJANINIDANINLKANINLGANLDLGANLDLGANLDLGANLDIUANLDIUANLDIUANLDIUANINIUANIJIUHSIJIUHSIJIUANIJEHANIJEHHXIJEHHSIJIVHXIJLGITJFLBITJFGXIYJFLFIOJFIUANJBIUIYLDLBIOFRIMIOKBIUHSKGATHSDVIUHSKBLBCHENLBAJCFIUIBCFAOIBIWAO
12,arm,Unmodified,KMLLIVKMHRLCKMLLLKKMDVFMKMHVFMEVDVFMKMLLDLKMDVLKKMDVLKFALLLKASHZIVASHZGXASLLDLKMHZDLKMKYDLKMLLLFKMHZLKKMHZDLHXHZLFASLLLFKMKYLKKMKYLFHSKYDLKHKYJWKHKYFMHSKYJNKMKYJNKMBADLCQHZLKFAKYJNCQHZDLCQKBDLCHIJKHANKYIUETIJKHIOIJGRKLIJKHCQKYETGHKYGRGHKYGRETHZIVKPGABHCQGAEHKMGAFUKMLLIV
13,arm,Unmodified,GOAWAGGOAWAGFXAMAGFXAWAGFXAMAGFXAMAGLAAMLGFXBJLGFXBJLGFXLLLGIGLLLGFXLLLGFXBJLGFXDMIMASLLIMLALLIMKMLLIMEVLLLBLALLLBKILLIMKIAWKXFAAWKXGCAWAGFFAWDLARLLIUARLLIUIYLLHYARKYJMARKYIQARKYIQARBAIQARBNIQKRCFFVBJKBFVEDKBAOARCOGRARKYFVJUKYGRJUFRLBIYHDLBBJKYCNLHGAJLARKYGEARFRAOJZGAGE
14,aum,Unmodified,LALLIVHXLLIVDFLLIVDFKTIVBGINIVBGINIVBGINIVBGINHPBGINHPBGDEHPBGCUHPBGCULFBCCULFBGCULFHOCULFHOCUBDHOKYBDHOCUDHHOAHIVITAHIVBGLLFQHOLLCJHOLLGNDFHZGNITCVIQBPLLGNBCKKHKBCKKHKHXKKITBGINHKIOINIHIOINHKIOINDGCDINJJAXINDGBLINKVIOINDGBBINDGKHINDPBBINDPBBKKDPBBKUKVBBDVDHCSJSBHFKDVBH
15,aum,Unmodified,HXLLKOCLINKSCLINLGCLINKOHXINIVCLINIVHOINIVHOINIVHODVKSHOGYKOHOINKSHOHZIVHNHZIVHXDMLGHXDNLGHXBOIVHOGYIVHOGYIVHOCUIVHOBOIVHOBOGXHNKBCJAXKBIVAXBJKSAXBOILAXBJHCHSBJHGKMLHIDHSLHGXHSLHILIOKKGXHSKKLMHSCZILAXCZEIIYINKOIYINILIYINILBLINKOKHINKJIBINKJHNINKJHNKKKJFGHRKSHNHRAGHNHRKS
16,aum,Unmodified,BGLLIQBCKYIQBCKYIQBCKYIQBCINIQBCINIQBCHZIQBCHZIQBCHZHYBGHZHYBGHZHYBCHZHYBCHZHYBCHZIQBGHZHYBGHZIQBGHZLGBGHZIQITHZIQHXHRIQBGHZIQBGHZGNAXKKGNAXLLGNAXKYHKAXKKHKAXKYHKIOKYIDIOBFIDIOKKHKIOJAHKCDLLHKIOLLHGGGLLDGCDINDGIOJAHKKHJADPKVHZHKBBHZHKJUHZBHDFIABHHXKKHKKVINBHKVINBHFGCZLF
17,aum,Unmodified,BGBFDLBGHVDLBGHVDLBGBFDLBGBFDLBGKYDLBGKYDLBGBFDLBGBFDLBGKYDLBGKYDLBGKYDLBGBFDLBGHZDLBGHZDLBGBSIVHXBSIVHXBSLBHXBSIUHXKYEHANDIDLANBSEHHWHZCNCSKYHKAXBAHKAXBAHKHJBAHKHJBAHKDKBACNDKKYDGDKHZHDDKBSESCWKKCNDKKKDGDKKKDGHNBSKJDKFIBHBCHZBHBCJABHFGJABHFKINHLHAKKBHHOHZHLHAKKBHBLKYBH
18,aum,Unmodified,HXJFHUHXJFHUGWJFLFHXJBDHGWJBDCGWJBDQGWKCJMGWLLLFIBLLLFBGLLLFBYLLLFBCLLHYBGLLHYBGCZJMBGCGJMBPCGHYIBCGDHBYCGGXBYCGLFBYJSLFBCJBLFBCJBHYGWLLHYBGLLFUGWJKCNBGLLCNBGINDLBGINDLBGINHKBGINAYBGINDHBGBSELBGLLLBBGLLATBGLLATGGLLATBGLLICBBINAYKHINBHBCINDHBCINGRBGINBHBCJFBHBCINBHBCINBH
19,aum,Unmodified,DFBFDLBGLLDLBGLLHPBGLLHPIBLLDLAXBFHPAXBFDLHOKYBRHOKYBRHXKYDLHXKYBDHXKYDLHOKYBDHOKYHPAXCFHPHXKYBDHXCGBDHXKYBDBLCGBDHSCGBDHSCGBDHSKBBDHOKBBDHOAHBDBCLLBDBCLLBDBCJFBDBCJFBDBCLLBDBCLLBDBCCGBDBCJBBDBCJBBDBCJBBDHOIJBDHOIJBDHOIJBDHOKKBDHOKYBRHOLLBDITLLBRITLLBDITBSBDBLLLBDBLKKBD
20,aum,Unmodified,DKGJKXHXBXIZIBLLKXIBLLIZBGKKIVIBKKIVIBLLLGIBKKLGIBKKIVIBINIVIBKKIVIBINIVIBINIVIBINLGIBKTIVIBKTIVIBKBKXIBKBKXIBGYKXHXDNKXHXHZKXHXHZKXIBCUIVIBCFHYIBKBLGBGKBIZBGKBKSBGGAIZHXKYKSBGLLKXHSLLKXBLBJBIBLLLIZHSLLEBHSLLJWAXJALBHSBJHKHSLLHKHSKKHKBUKKHKAXKKHKBLLLHKBLINIQKHINDGAICZDG
21,ball,Unmodified,BPKYLFBPKYBRHSKBBRBPBNBRBPFRBRBPGADHBPHHLFBPCULFBPBOLFBPLLLFBPLLLFBPLLLFBPLLLFBPLLGNKILLGNKIKKGNBPLLGNCMLLGNBLLLGNBLLLGNBLINLFIPLLGRFAINGNFAINDUFAJAGNJYLHDUFALHITJMLLEQLJINATBYINATIYINATJOINATKZDNDKCQDNLFBPDNDLFAHZDLIYDNIHIPFRHKKRFRGNDTFRHKGWKBLGHACFDHCLGYICFGBOLBDBBOHK
22,ball,Unmodified,BLDNBIBLKBBIBLDMBIBLDNBIHSBNBIBLGABIBLKBBIBLGABIBLDNBIBLKKBIBLLLBIBLLLBIBLBOBIBLBOBIBPBOBIBPLLBIBLINBIBLLLBIBLBJBIKMINBIASINBIFAJABIASJABIKMBXBIHSDVBIHSDVBIHSCUBIASFWBIASCUCAIOJOBIIOINBICQINBICQDNBICQCFBIKMDNBIASGABIASKBBIASFRBIIXKBBIKHKBIMKHBODGBCBOLKBCDVBICCHHIDCCDVKS
23,ball,Unmodified,BLDMDLBLDNDLBLAVDLBLDMDLBLBNDLBLGYDLBLDVDLBCGYDLBLDVDLBLDVIUBLDVGXBLGYHGBLJSKXBLINKXBLBOKXBLFNJWBLFNJWBLLLKJBLFNHGBLFNFMBLLLFMBLINKUBLINIUIBJALKIBJALKIBINIUKVKKIUBYINIUBYINIUKHINDLHNFWLBKHFWLBHNFWAOBLDNGEBGGYLBBLGYDQBLGYHTBGGYHTKHGYGEDKGYGEIXGYGRIXGBEWBKBJFUIXFJAOIXINAT
24,ball,Unmodified,BPFIAZBPJOAZBPFWAZBPDMDQBPDVDCBPDVBDBPGYIQBPGYIQBPGYHPBPGYBRBPGYBRBPBNLKBPDMBRBPGYBRBPGYBRBPGYBRBPDVBRBPDVBRBPKBBRBPLLBRBPLLBRBPLLBRBPLLBRBPLLBRBPLLBRBPINBRBPKKBRBPKKBRBPLLKXBPBXBMBPKKHKBPBXIQBPFWBMIYCUHKIYFWBMBPHDBMBPHDBMHSLMILHSLMDQHSJFLHKMKGDQKMCFBMIOCFBMIOGYBMKSGYBM
25,ball,Unmodified,BLJAFMDFJAFMDFJAFMDFJAGXDFJAGXBPJABDBLJADLBPLLDLBLLLDLITLLDLITLLDLIBLLIUIBLLIUIBLLGXIBLLKXIBLLDCIBLLLBIBLLLBBLLLIUBLLLKJBLKKKJBLKKIUBLKKIUIFLLIUIFJAIUKVLCLBIFJALBIFJAAFIBLCEIIFLCIULELCIUIFJAKJIFJAAFIFJADLIFJACNCDBJIVKHBJIVIYINIVHXBJAOIBBJAOBLGJAOIBBXGRBKINKHBKKKDYGLFWGR
26,ball,Unmodified,KMKTHTHXCKDHBLKBLBLJCOHFIOBNIMCMDNDQCMDNDQCMCFDQCMDNLBCMDMIUCMDNLBCMFRLBCMDNIUCMCUIUKVFRIUCMKBIUCMLLIUCMDNIUCMDNIUBLDWLGBLDWLGBLLLIUBLCULBBLLLLBITLLLBDFJBLBIOKBLBFAKBIUAJAHIULADNKNHXHZKNKVDVGVCVKBKHCVDVKHINKBKWKMKBIUINKBIUINKBIUAXKBIVAXBNISKMBNJWIPBNCYFABNCYFADVIMDFCOHL
27,ball,Unmodified,BLKGBRBLFWFQBLBNDQBLBNDHBLKGDHBLGYDHBLKBBDBLKBDHBLDMDHBLBNDHBLDMBRBLFRBRBLIABDBLCZBDBLCZBDBLLLBDBLLLBDBLLLHKBLFNBDBLLLBDBLBJLBBLBJDHBLBJHKBLBJHKBLBJIQHNBJBMHABJIUHABJIUHNBJDLHNBJBQBLJAAYAXDIAYLAGFHFIYFWHFKHINBQKHINAYKHINAYIODNKJKNBWIQIOBWBMGGFNIQGGDWIQBBJFIQIXGYIQHSGYLF
28,boat,Unmodified,IBLLIZHSLLIZIBLLGXIBBXIVLJBXIZLJBXKXHSBXKXHSBXATHSDVATBUDMEWBUDMEWBUCFEWBUCFATHSGAATIBIWATIBIWDQHSGAATIBGAATIBGACYIBKYAFHSKYATBUKYDQBUKYATIBKYATIBKYBOIBFNJKIBFNIAIBLCBHHJDWICHJDWHTCDBXHTBLDWHTHSDWLLBKBXHTBPBXHVIOBXGEKFBXJBKFBXKCKXBXKHKXBXKMIBESEVAXGAGLAXJFKSAXBWCYAXBWDZ
29,boat,Unmodified,ITKYIMITBOIMITKKIQBLKKJEITLLHYITLLHPBCLLHPITLLBDDFLLHCBCDWLBBYBXLBBYDWHPIODWHCIOBXHCCDBXJICDBXIHIBINJMJCCUGXJOHZGNIBFRHYIBKGDUBGDWLBIXKKDUBGFNGDBGFNHYIOKPCTIOGAGDIBFNDBHSCFCTBYDMHYBYDMHYEKKYHYHXHDHYKFLLHYBYLCHYIPLLAPIPBXCIJFBXICGHDWBRLBBXHYKMDWGDCCBXGDCCBXHYCCBXHYCCBXGD
30,boat,Unmodified,HSIAFVHSLLEWHSKYIZHSIABIHSLLIZBULLEYBULLJIBULLBIBULLFSBULLLLBULLCAHSLLCABUFJCAKMLLCABYFJEWFBBXJYHXBXJYIPLDHTIXBXHTJCLLBIIXBXFUJMLLFSIXCUFWIXDVLDIXKGLDIXFNHXIXCUDCIXLLIXIXGAKSLDGAFAIXCFFACQGADZFXGABVKVGAIDCWGAHTKDGAGMBTLLKSBTAHJNBTBXBZHOBJJICCBXHTHODWKNHODWHTFOBXBZKZBXBZ
31,boat,Unmodified,IBKAHPBYIRHPBYIRCAHSCBBDIBBXHXASLCHXIBLLJZIBLLCTIBIRCSIBCBKWBYLLKLIBLLKSCDDVKNCDKBKNCDCFKHCDDVKNCDKPKWKZKKKWKZHZKYDOCBGDIBCBERDOCBKVDOFWHUDSFWHYIVFWHUKZCBKNHSCBHGKFCBGNDSCFHUIXCBGDDFCBKHKVCBDHHWCBGDJCCBGDIYCBJDHACBJDGQCBABDJCBCRFADNHYCCDNHYCCLMKUCCDMBHCCFWBBIOFWHPFODWDP
32,boat,Unmodified,BYKYIQIBHZIQIBKYKOIBLLIQIBKKIQIBFNHGIBLLHCIBLLHGIBFJHPIBLLIGIBBXIHIBBXEWIBBXIGIYBXIGITBXHGIBBXEWIBBXEWIBBXEWFACUEWIBBXDUIKCUIHDODNGEEZDNEWIBKGIQIODMIQIPGAIHICGAJIIOGAJIEZGAIQEZGAJMHXGACWKVCFJLKVKYGNKVCFGNKVKBDHKVBNHUKVKYLBFGKYBVKVCGLBKVLLCJKVLCLJCCBXJLHOBXDHCDBXIHKHBXJM
33,boat,Unmodified,IYIAIQIYCZIQHSCZIQIYLLIUIPIAIQIPIAIQIPIAIQBPFNFQBPLLCABPLLABHSLHIHIPKPABBUBXABKOBXIZKSBXABHXBXIUIXBXGVJCBXHYIXBXCJIXFNCEIPJFKVIXFRCEIXHDGRIXFRKIIXCFBVIXCFHPDHGABVIYGABVIYGYBVCWGYBVKVGABVKVGAHTKVGAHTKVGADQBTGAKTBTKYLBHNIJHXGQKYDQKHJFDQKHJFLJCLBXFLKVDWLKHXBXKTEPINGWKOLCGN
34,boat,Unmodified,HSKKIZHSLLIZBYBOIZBYFNIZIBLLIVBULLIVBULLIZBULLIZBUFWIZBYBXIZBYBXIVBUBXIVBULDIZBYLDIZBULDIZBUCUIVBUCUIVDFCFKSIBDVKSHSHDHYBYHDKSBYHDKSBYLMKSBYFNKSIBKYCJBYGAKSIBCFIVBYCFHYBYCFIVBYGAKSBYGAKSBYKYBIBYKYIZBYKYHGDFFNEVHSIECABYJFAWBYBXHTBYBXCALGBXHTJCBXHTIBJAERHSLCEWHSKCICBUJXLD
35,drive,Unmodified,KVAQCJBYCGCJHACGCJHACGIDHACGGNHACGAGHACGIDHACGLBHACGBVKVCGCYKVCGAGHACGCJHACGDLHACGIVHACGLBHACGAGHACGHGHACGGXHACGLBHACGCJHACGCJKVLLEHHALLDUKHLHEHKHJSEHKHLHEHBLKBDHCMJSGEKZJSKWIOCKHTIOJSGEIOJSKWIOCKAOIOJSGEIXKBDLKZKBLGIXKBLBIXKBCNKZKBHKIXKBCNIXKBCNEKKBCNDKKBDHKHKBCNKZCFGD
36,drive,Unmodified,BLJSIUFGJSIUBLJSIUFGCKIUFGCKIUBLCKDLBLCKCJBLCKCJBLCKLBBLKBLBBLKBLBBLCKLBBLJSLBBLJSLBBLDMLBBLDMCNBLDMLBFGCKEWFGCKCJBPCKDUBLJSGRBLJSGRBLCKGEBLCKGRBLCKKXBPCKIUCSKBAOIBCKIUIBCKIUIBKBKYCMJSGEHSGYHYIXCKERHXKBKNIXCKCJIXKBCNBLDMKWITJFCNBLCKBQITCKBQBLCKFVIYGAFQIYCKLMBLCFLKKRCFHK
37,drive,Unmodified,BPKBLBIYKBLBBPKBDLBPKBLBBPKBLBBPKBLBBPKBCJITKBLBHFKBLBHFKBLBBLKBLBCSKBCJCSKBCJBLKBCJCLKBCJHSKBCJHSKBDLHSKBDLHAKBDLFGJBIUBLJSIUBLKBDLBLKBIUKHJSLBBLJFCJKHJSIUIOCKFVIOJSICIYDMKWIYCKHTIOCKFVIOCKCEAECKLBAECKFVIOKBAOIOKBAOITKBBHITKBFUIXKBKWIXKBCNIXKBCNBKKBLGIXKBLBEUKBCNLJKBLG
38,drive,Unmodified,FAKTAGFAKTAGFAKBGXFAKTLBFAKTLBCMKTIVCMKBIVFAKBIVFAKBEHCMKBLBCMKBLBCMKBLBCMKBGXCMKBGXCMGBGXCMKBIUCMCKIUCMCKIUCMCKIUCMCKLBCWCKAOKZKBITKZKBELKZKBIVKZKBICKZGBIUGLCFDHGLCODHGLCFGNGLKBCRLJKBCYHSKBGXKMKBIQKMKBHKBLKBDLKIKBCNEZKBCNEZKBEIIXKBIMIXKBDLCLKBIMLIKBEILIKBIQLICOINDBCGAT
39,drive,Unmodified,FGCGHGFGCGHGFGCGHGFGCGHCFGCGDLFGCGDLFGCGDLHFCGDLBLCGLBHACGLBDTCGLKLJCGDLDTCGCJKICGHGKICGICKICGAOKICGAOFGCGCJDTCGDUEZKBHYJYCKKHLJCKKVJQCKKVJQCKICJQFRKYLJGOHTLJCFHTLJCKCRLJCKDLLJJSCNLJJSAOLNKGBHGLKGCNGLDVCNCHDVGICXDVJMLNFRGICHJSHLCHJSIQLJKBEIETDVEXLNKBCIETKBKFLJKBBHARKBFU
40,drive,Unmodified,KHCKKSKHCKKSBLCFDLBLENDLBLENDLBLENDLBLKBDLBLJFDLBLJFLBBLJFLBBLJFDLBLDRDLBLDNLBBLDNLBBLDNLBBLDNLBBLDNLBFADNLBBLCVLBIPLLCJBLLLCJDFJXKXITJJIUBLJJDLBLJJEHBPLMEWBLJXIUKHJFEWHSJFKNBLCFEHBLJSCNBLDVLBBCDMLBIXKBLBIXCKFUIXKBLBIXKBFVIXKBLBIXKBDLJMKBCNIXKBCNBGKBCNBGKBCNHOFRGIHNENLB
41,drive,Unmodified,KICKDLKIJFDLFFJFLBLJJSDLLJJSLBLJJSLBKIJSLBKIKBDLBLJSDLBLJSLKBLJSLBKIJSLFLJJSKXKIJSLBKIJSLBLJJSCJLJJSDULJCKDUKICKDUKIKBDUCMCKDUCMCKIUCMCKIUBPKBLBCMKBGNCMKBICCMKBDLKZKBAOEKKBLBEKKBGXCHKBFMCHKBIVKZKBDLKIKBLBKIKBGXLJKBLGLJCFKTKIKBDHKIKBKJJQKBLGKVKBATEPKBATCLKBBHCLKBCNCLJFBH
42,farm,Unmodified,BGLLIQHOLLIQBGLLHPBGLLIQHOLHIQHOLHIQHOLHBMHOINHKHOINDPBYINBMIBINHXBYINIQKVINIQBCINIQKVINLHKMINHKLAINIQKMINAYKMHRCXLAINKJIFLLFVCQHVHKLAHVHKKHLLICCQLLGNCQINKJCQLLERKVINDLLAJADULAJAGRCQINKNDCINGRCQKKDUGCKKKVCQKKDUGCCUDUCHKKGNCQKKJMIXKKJMIXKKJMIXCZCRIXCZKQKZCZHYGVKKGRCWKKBR
43,farm,Unmodified,IPHRKXHOKYLBBYKYLBBYKYLBHOBSLBBYBSCJBYGAICBYKYIQHOGAIQHODMIQHOKYIQHOKYIQHOKYHKHOKYHTHOKYEIHOKYITIXHZBUIXKYCAHNKYEWKMKYEWITHHDQIPKYCTCQKYCTKMKYCTCQINFUIXINHKEZINCTCQHHHKCQKKHLCQKKHLCQCUIQGVKKAYIXCZAYIXHHKWKVCZCTHWHHKNHOCZCNBCCZCYCCCZLFHOCZKWCCINKNHOINAGCCINKWCCLLAPBTLLBM
44,farm,Unmodified,BLKYIZIBKYKXBLKYIZBLKYJVBLKYIZBLKYDQHOKYIZHOKYHKHOKYHKHOKYBRHOKYCTBPKYERBPKYFCBLKYFCBLKYEWHOKYGXIBKYKWIBKYDUFGKYDUKMKYIHHNHHGEIYKYBRCWHHCTCWHZCTCQCZKWCQCZKWIXKKKWIXKKGPIXCUAYLACZGECQCZHPHWCUCTKVCUGEHECUICIXCUCIHOCZCRHOCZDHHOKKCXHOINCXHXINHYIFINDCIFKKDLIFKKBRLIKKCRJPINJN
45,farm,Unmodified,IXHZFQIBHRDQIBHRDQIGHRIQKVHRIQIXHRIQBYINGNBYINGNBYINGNBYINIUKVINIUKVINKWHWHRFMHWINHTIBINCAKVINGNIBINDHBYKKDPBYKKDPIKHRDPFBHRGNEPHMEWFBHMEWEPKYDUEPKYEWAXKYEWLJKYFVEZKYHNJMKTDKKZKYICJMKYIQCWJOHLEPJOHKGLKYKPKRKYGXGLDELFIXJOLFEPKYDHEUDEDCDAJODHDAHHDCDAHHHKDAHHICDAKKGDDAKKDC
46,farm,Unmodified,IBKYIQAXKYKXIBKYGNIBKYDHIBKYGNIBKYBHIBKYFMIBKYLBITKYLBIBBSLBIBBSLBIBBSLBBLBSLBBLBSDPIBBSHYBPBSIHIBBSJMEZKYCTIXKYERHNKYJMEPKYDUCWKYFKCWKYFKCWKYFKCWKYKVCWHHCTCWHHCTCWCZCTCWCZEQJOKKEQCWKKDLCQHHHKIXHHICIXHHBVIXHHCXAAHHCXHDHHAYCCHHCXKZHHCXCCCZCXLICZCXCCCZHYKVHHGDGKCZCXGKCZCX
47,farm,Unmodified,DKINLBDKINIQCSINBDCSINIQCSINIQCSINHKCSINHKCSINHKCSINHKCSINHKCSINHKCSLLDPCSINDPCSINHKCSINJICSINIQCSKKIQCSJAIQCSJAJIAXCZIQBTINIQBTINIQHNINBRBTLLKJKZLLKHIULLJNIULLFMJPKKKNDXKKKNDXKKKNIKKKKNBVINKNIKINKNGPINKNIYKKKWCWJAKNDKJAKNFGINKNDKKKKNDKINCRCWCZKNDKCZHWKDCZKVLJDEBMKDCUIQ
48,farm,Unmodified,BCINBHBCLLLBBLLLLBBCLLLBJALLLBKKHILBHSLLLBFGKKLBCMINBHCMKKBHFGLLLBBCLLLBBCLLLBBCLLCABCLLEWHOLLEWHOHIEWFGHMFCFGINCAFGINEWLHCZERIXHREWKMCZFCIYHHEWKZHHCTKZHHGEIYHHJLKZHHIQCQHHIDIXHMGNCWCZKJIYHMFUIXCZBQIXCZECIXCZGEIXCZLBHACZLKHACZGMCLKKGMDAKKKTHACZKDKVKKKFCJKKLKCDKKCIKVINKJ
49,flop,Unmodified,LAESLGLAESKOLALMLFLALMLGLALMKXBYLMKXBYLMKXLALMIZLAIWIZBYIWIZLALMIZBCLMIZIBLMIZBYLMGXLALMIZBYLMKOBYLMKXBYLMKXBYLMKXIPLMKXIPLMIVIPDVKXBYLMKOIPLMIVHNLMIVHNDIIVLADIBIITESATBCDIKOIBDIIVLADIIVLADIIVHWESIVHWKUDLHCDIDLHWKUDLKNFNJWHNFNJWDSFNLBJCLCJWKNLMFDKNLMGQKNGOLBKFDVFUHNLMIV
50,flop,Unmodified,DBLLLFDBINAZDBLHAZDBJAHYDBDWLFDBGJLFDBLHLFDBKCDCDBLHDCDBJADCDBBXAZDBHVLCDBLMGXDBDIFZDBLMIQDBBSAZLADILCDBHZLCHXHZIVHXHZDCHXINDCDBDNLFDBHHLFDBHHAZDBAVAZDBAVGXDBGBDLDBINDLDBDMDQDBHHFQDBHHFQDBKTIMDBJSDCITGODCITDNIVDBDNKXHSDVATKVDVDLIODVDQKVLLHTDBDNJMIOKKIHIODWIHBCLLLBIODWIM
51,flop,Unmodified,DKKGKSDKKGLGDKHZLGDKDRLGDKDNLGDKDNKSDKDIDHDKKUDHDKKCDHDKDVDHDKDVDHDKDVDHDKDILGDKDILGDKDILGDKDIIVDKDILGDKDIKXIBDIKXHXDIKXDFDIKTDFDIKXKVDIDLDBDIDLIBDIDLKVHVBIKVEYLKKVEYGFKVEYGFKVHVCOKVEYIUKVEOEGIBDIDLKVDIIZHWKLLBHJLCBIIFLCLGIFJADGDKJADGIFFNDGIFLHDGIXLLDGHJJADGKHLCIAKVJAIA
52,flop,Unmodified,IBJBDCIBJBDCIBJBLCHSJBLDAXJBLDAXJBLCIBJBDCIBDMDCIBDMDHIBDMLCIBJBLCIBJBDCAXJBDCAXJBLCIBJBDHIBJBLFIBDMHYITJBLCAXJBDCITJBJIAXJBHUITJBGJHXJBGJHXJBDCIPJBDCIPDIDCIPJBDCHSJBDCHSJBHPHWDIDCBCDIDCHWDIDCHWJBHKKVLLHKKVLLIHKVJAHGKVLHLBIFLCLBKSLHDHIFLLHKGGLLIHIXLLATIXLHLGIXLHLAHGLLDC
53,flop,Unmodified,DBESDHDFESICIBESDHIBESLFIBESHPIBDIDHIBESDHDBESDHDBESDHDBESDHDBESDHDBESDHDBESDHDBESDHDBESDHBGESDHDFESDHITESDHITESDHDBESDHDBKYDHDBHDDHDBHDDHDBKYDHKVLLDHDFBFDHKVESDHKVBFDHKVHVBRKVHVDLKVHVGNCDINDHDJKTDHDJKTDHGQIADHCDIADHDJIADHDZIADHIXHZEQIXKUATIXHZATJWESICIXHMATIXHMDCIXHZDC
54,flop,Unmodified,DKKGKSDKKGLGDKHZLGDKDRLGDKDNLGDKDNKSDKDIDHDKKUDHDKKCDHDKDVDHDKDVDHDKDVDHDKDILGDKDILGDKDILGDKDIIVDKDILGDKDIKXIBDIKXHXDIKXDFDIKTDFDIKXKVDIDLDBDIDLIBDIDLKVHVBIKVEYLKKVEYGFKVEYGFKVHVCOKVEYIUKVEOEGIBDIDLKVDIIZHWKLLBHJLCBIIFLCLGIFJADGDKJADGIFFNDGIFLHDGIXLLDGHJJADGKHLCIAKVJAIA
55,flop,Unmodified,DFBXIVDFJAIVDFHVLFDFHVDHDFLCDHDFBSDHDFEODHDFBSDHHXKYLFHXCFDHHXDEBDHXDELFHXDELFDFDELFDFDEIVDFIALFDFKYLFDFKYBDHXLMBDHXKYBDDKKYDHHXKYDHDTKYBVDFAVHGDFIABRKVHHIVKVIABRKVHZBRHWKKDLHXHZDLHWKYCNHXLLHHHXLLIMIFJAIHIFLLJLHXJAJLIFJAABIFJACNIFJAABIFJAHPIFJAIHIFLLHKKNINBMIFDWJKIFGZDG
56,gun,Unmodified,JBBJDQJBBJDQJBGZDQJBGZDQJBGZDQJBHDDQJBDNDQJBHDDQJBHDDQJBHDDQJBHDDQJBHDDQJBBEDQDTBEDQJBHDDQDTDNDQDTDNDQDTKBDQDTHDDQBLHDDQKUKBDQISDNDQCHDIBRJBDVIQKPGYDQJBDMDQJBKBCAKMCFITDTKBJMJJKBABJBKBJMDTKBJMJBDVCADTDMDQLHDVAWDTKBHFECDVBUGLKBIKKDDMIQLLDVJXCLJSJXLDJSKULDDVIQCLDVKPKSDIJM
57,gun,Unmodified,ITDNDQJZKBBFJZKBHRJZKBKAJZDMDCJZDMDCJZDMDCJZISKAJZISKAJZGUDCJZISKOJBIWFLJZIWFLKMIWJWKMIWJWDTIWJWKDIWJWCSIWJWGHIWJWGHGZGWGHGZFLGHHDBDJSIWBDJSISDQJSISDQITJFBDDTJFBDITJFJMANJFDUHJDVDUGWJFDUHSJFDUIFDRDQDOHDERDOLMGNIKFRICDOKGJEGGIRDPJCISGNIFJFGNDOJFHTANJFGNANJFGNJCGZIQFGGZHN
58,gun,Unmodified,DODNDQDODNAZHJDNAZHJDNIQHJDNIQGFDNIQGFDNIQDTDNIQGWDNIQLNDNDQDTDNDQITDNDQITINDQGWGODQGWGODQDOHDKODOHDIQKCHDDQHSHDDQDOHDDQDOHDDQDODRDQDOHDDQDOCFEWDODMAWDODVABDODMGNDODVIHDODVGTIODVDUIODVDUIYDMABITDMICJYDMICEBDVHFDOFRDQJCDVKDGQBNFLHJDMHKGQDNBMGQDMDPGQDVIGGQKKHKJEKKKMJPINGS
59,gun,Unmodified,CMHHBRITHHIMITHHBRDFDVBRITDVBRITJSIQCMJSIQITDVDQITDVDQITJSBRITJSDQITJSDQAAJSDQITJSDQJZJSDQASHHDQJZHHFZJZHHIQJZHHDCKTHHIQJZHHDQJCHHDQJCGYDQIFHHDQIYHHIMIYKYDQBKKYDQBKDMHTGFGYGNDOGYGNDOGOIHDSGYDUDOKTFCDODMGNDODMIHDODVEIDODMDQBKDVKWDSDMKPDSDMDQDSDMIQDSDMHKFGDMJFDSDVILDSDVDP
60,gun,Unmodified,HSDNHGDTDMHGCMDNJQECHRIVEBFWIMHSFRIMFBDNIMELDNGXGWDNIVGWDNDLDTDNDQGWDNDLDTDNDLGWDNIZGWDNHCDTDNHGITDNHGITDNAUBUDNDLIPDNDLFBDNDLGHDNENFBDNDLFBDNKEHSHHJUIXINHNFBCVJLDOHDHFKOLDHTELKTDQKOFRHTECBNICIXDMKWKNDMGYGHGYKZKDDVDBKDDVATKNDMKAKMDMKAGQDVKDKNDVDPANAVIMKDDVAFGGINIUGXKKCN
61,gun,Unmodified,DTIRHLJZHDFZECIEKHKKJFLCKKJFLCKDJFKLJTCFJAECISLLKDJFAZLAISAZHOISAZHOHDDHKDDNLFHOHDFZHOGZHUHAHDBRKUHDHULMHDIQHRKBBRHFJFGNEPHDCJGHJFGNFBJFICCMKUCJFXJFGRIYJFDUKMJXDUBVKUDQAOKTBMAOJFJYDOGYFGEBFIHYDOKTHNDOBFKIJZHDKKIYISGHIYISIQDSISHYFGDNHNLIDNHNBTDMEZHADMEZFPDNKMEPDNLHKNDMIC
62,gun,Unmodified,CMGYFVHSGYHGHSGYHGHSIEHGJZIEHGJZGZHGJZIEHGJZGZHGJZGZKUJZGZCYJZGZGBJZGZGBJZGZHGJZGZDQHSHHAUJZINAUJZINDQKCDNDQJZDVHLBKDNHGBKDNKOHSGYJQHSDNDUFBHDBRFBINDUFBDMDUKRINDUDOGYDUDODNABFBDMGRKOKBGRKYKBGRIVKBHTITKBHKJZKBHTJCAHJZHSDVHCITDWKULMIJHCJYFSLHDSDVHZJQAHKPJCKKAFFGLLDPIOINDP
63,jenny,Unmodified,KMKYAUKMEOIMKMBSJICQEOJIKMEOKFBVFWFMFJEODZKMEODZKCBXDZKCIEDZGOLDDZCQBADZIPBADZKMEOJRFNEOGXIPEOGXIPBSDZIPFWGRKCEOFMLHEODZKCEODZIFFSDZELIEDZKULCFMLAEODZHTLCDZHTEFDZJZHZKRKAIACALFKYDZBQKYCMBQBACMKOKYGLHEKYCLCQBSCLKHBSGNCQBACAIFEALGELEAGWGGEEJWIXESKFIYKYBRITKYDZJAHRFHFAJADZ
64,jenny,Unmodified,ECFSHTECFSHTECKYHTECBSDPGCEODPECALDPECLCIHECBACEECBACEKHBAKAKHBAEXGCEYDPECEFDPECESAQJTKYKOKHKYFCELKYERKHBAJYELEAFCELEAJYLEESKWLEEOERLEEOICIFEAGEIFEOGDIFEFAYAIEFCELBEFHSJPEFCEHGEFKEJPEFKOJDKYBRJDESDUJPHMKFKXHMGREOKUFMKNEJJNLGESJNGQEFHTGQHMJNGQEFGEGQEFJNGQIEJUKFEFHPGGKTKW
65,jenny,Unmodified,KDEFIMJJEFIMECEFIMECEFIMECEFELECADFMECADFCECIUJWECEFJWECEFIMECEFJWECKYIMECKYIMFNEFBHECEFEXHTEFEXGCKYGEECKUEWGCGYEWECAHEWIKFICAECFSEDIKFSFMECKYFMIFEEEIECKYEWIFKYCAGJKYLAIFKYKMHTHVGCIFEOIXIFBSIXIFFIEHICKYIXICKYKXEGIAKXLBGAKOICGAKNECGALBECGAKXECKYLBECKYCNLEKYEHKVKYDLBVBAKN
66,jenny,Unmodified,HEFIGCHEEFCGHEEFEDKVEFEDELEFGNELEFGNHEEFGNECEFGNECEFKOECEFFSECEFEDLEHVFMLAIAGNLEJOGNELJOGNELHVICECHVGNECEFHTECHQEDIFEFERECEFHXECEFKDECEFARECEFFQECEFEDIFEFARELHVARIFHVKMIFEFGCIFIEGNIFEEGNIFEEHYKOEELLJOENFGJTAVLHAGBAHYECBALDECBABVLEKYBVECBAETJOHDFEECIWENECCUIOECCUGKKVGZHI
67,jenny,Unmodified,FGIEAUFGEAEDFGEADZFGEFDZHSEAJMELEAKNDTEEEWDTEEEWDTEAFCELIEEWELEAEWGCEACFELIEFCELEAFHELEALCELEAGRIFEAIPIFEAHTIFEAHTHTFSHXDUFWDQIFGOEDIFFSEDBVEAJYKMEFDQKREACAHTEADZHTEAHMELEEBEHTEELBHTEFATJNEFHMCJEAHHHGEABMGEEAIUICEAHTHTKYKXHTEABRBUKYIUKHKYKNKHKYBVKVKTDZIXJOCNDTEEDDFGKYIU
68,jenny,Unmodified,EGEFDUEGHRDQEGGZDUEGGZGNEGFIDQEGIEGNEGFIGNEGEFGTFVEFGTFVEFGNFVEFGNFVEFGNEGEAGNEGEAGNEGFWGNEGFWJMLBEAABEGEAJILBLDDUIOEFGNBYEFGNIOEFEDEGEFHTEGEFHTEGEFICEGEFEDEGJAEDEGIEEDEGIEJMEGHRFQHGIECEHGGZGNEGGZCRCDGZHQEGKYHUAEGZLCHGIEGDBBEEDLCDHDCRCDKYICGGBAGDJGKYFQKJHRERGQHRERGGKYDU
69,jenny,Unmodified,ECEFJWECEFAVDFEFKLBGEFKABGEFJWBGBFLBELBSEWELKYKABGEFKOELEFDLELEFDLELEFKXDHEFKZDHEFFCDHEFFCBHEFJYKTEFERFUEFEWLBEFHTLBEFFCLBEEFCLBKYFCJDEFFCEGBSKAEGBSGNEGEAIWIUKYKAEHKYKAKXEFEWKXKYDGEGKYKOKXBSKAJLKYKALMAVKAGNDMKAICKYKTKXKYKTEBKYFMBBDMDYLEBADYIYGYDYLEGYGXEKGYKEFKINGXJYHZKB
70,jj,Unmodified,CLESLBCLESEHCLESCNJBESCNCLBSLBGWBSLBELBSDHELHZLCELHZIUCADILBCAESKJAXESICAXESLBAXESERECESERCAESKJCABSKJELBSAYELESBFFFESBAELBSKJIFBSAYECBSKJEVESKJEVBSIUJBBFLBKCBFKJEVESKJDKLCKJFGESHLKVESHLKVESJNEPESIDKVESIDKHESEMGLESEMGVESEMKHESFCKHESLBGVESLBGLJJIUKMKUIUKHEYCTHOKUCNJLHDDL
71,jj,Unmodified,BLBXCNITBXIUKIBXIUFTBXIUAJBXFMLABXATLAINATKRINATASCVEIITLLEIFTCVEIAJCVEIKHLMIULADNIUIGLMIWKHBXIUKHBXIUKHLLIUFSJJIUINJJKXDXLMATHELLATIPFWATKRKCATKQINCNKHDIJVKHDNCIGLHVCJDKDNEBKRDNEBGLDNKNGLESEMKRDIKNGLDNATGLFRFCKRCFKTKRFRKTKRCFCRFGCFKTKVLMLMBLCKDLGPLMEQJLDNDLJLCKCNGPCKKT
72,jj,Unmodified,DBGZBDDBBSBDEVGZHYHFDIHKHFDICNHFHDAYHFKGAYCLIWAYDBKBAYAXJXGEIBEOIBIOKGHYIOKGIQCDKBLMKXEOHYKXEOEIDKEOHMDKKYHCKXEOHYKXDMLFHJEODHHLKYJIFKEOFZBGEOFZBGEOGNBGDILFDFLCKNBYKYIFEPENLEEPENLEEPFIKNDKEJKNEKLDKNAXLCGRLJHDGRLJDNHLGQBSJNJCHDJNFGHDEQFGCFEQFGGAEQBLCFEQITIWEQBLCFEQGHHDHK
73,jj,Unmodified,AXHRCNBPJFDPASHMLHASKUKLKDGFAYKDISEIKDGYKJFTKTLJKHKTKCKHJFKCIFKTFUFMKYIMIFGYIMIFGYIDJQIEAGHXHDAGGWHMHLGWIEHLLJHMGNLJBALDHEDNLBJKFWEMJFHZEMLJLMEMKDLMEMHPHZEMHPHZEMLJGYEMLJKUEMHKINGEBVKTCRFJDNDALJDNHTJJHZKYJYHZLKETIJHBKPIJCRHUKBIMLLDMIMJBIWEXJBHDGDJQDMHSBTBNGDGHBNJODRFWKL
74,jj,Unmodified,HSKBIQIYKBIQIYKBIQBUKBIQBUESICBUHDEWIKHDHKELKBIQITHDICCAIJCJAXLLIMAXIJEIAXLLEIAXBXFCIKIJICHSBXKNKHDWKWKHBXJIKHLLHTIBLLBRIYLHIQLJLHJDIBDIFQDKINBDIBKUGNBGKUFMIYJFGNIYJFLEHXJFKNIYDREMDKDRKNIYDRKNIYHMKNIYCFGELJCFCSEZKBBQLJCFHTEZCFHTEZKYGHFXHDEQITCFIOITCFEQIXDNEQHXDNBUGVDNIC
75,jj,Unmodified,HXENKSAXKBHELAKBBZCQKBBQKHGYCAKOGYCLCQGYGLIXGYBJIXKBLBKHCFLBKHCFFMKHKBLGKHKTHLKHDNLGELCFLGHXKGFVHXDNFCBGDNEMELDNLGIXDNLBHXJFJVEPDNEMEPDNEMEPBJEMGHBJKNIXDNEBIXDNLBIXDNAOEPDNJMEPLHKWEPDNFUJKDRLGFGDRKAEPDNHSFXDNFAJLDNIMJJHMLGBHJSJOLLJSGZJLKBCNEPENCNBTENKOLGENKOJUIWCQFPCFCR
76,jj,Unmodified,ANLDHPANINBRDKINHKHXLCBRHXLLHKIKLLHKIKIJHKHXIJHKHXIJIQIKIJERIKKGERIKLLEWIOHDEIIOIJICIPLLEIDIIJICDIDVEIDILMEIKOLMKWIOIEIVIFIEDHCDHDDHJMHDICELESHKBYESKWBYLMAOBYLMFZIBESKWDSHRKWCDEYBRKZEYKWCDBAKNBYKYKNIBKYKNFXFIKWKVHZKWCSFIKWCLDMLBDKDMIQIFDNDHKVDMDCKVCFKWDKHDKJAICFEQHNKBEQ
77,karn,Unmodified,FAEYHCFADVIZFAEYIZFAEYIZFAEYIZFAEYIZLJBNFLLJBNHCHXDVHCHXDVHCLJDVIMHXDVIMHXDVHCHXDVFDLJEYFDFJEYIZFJDVFDFJDVFDFJDVFDFJEYFDFJEYKXLJEYKXLJBNKXLJBNKOLJBNKXLJEYKSLJKYKOEZKYFLFBESFMHXJFJWLNHMKXGLIAKXLNKTJWLNDMIZGLDVGXLNKBKOLACKKOIXCKICGLCKJWGLIAITBLCKKNGLFREWBKCULBKICUKOGLCUKS
78,karn,Unmodified,LJIJFDLJIJFDIBIJFDEVIJFDEVIJFDFBIJFDFBIJFDFBIJFDFBIJFDHSIJFDHSIJFDBPJXFDHSESFDHSESFDHSESFDHSKYFDHSKYFDHSKYFDFBIJFDFBIJFDFBHZFDFBHZFDFBKYFDFBKYLBFBLLLBFBLLIQFBKBLFGWDVHPFBHDHPCMKGFZBGKGICIKHZICIYKGDUIYBFDUFBKGICFBKBIUITHDJUFBESHTFBIAJZLJKBHTGWKBJWFBKBJNGPJFEXIKJBFDLAJFEX
79,karn,Unmodified,FBLLKFFBLLKFFBLLKFFBLCKFFBHDKFDBHDEXDBLCCYEVIJATEVEYCYIGEYCYBUEYAPIGEYATFBEYATIGEYKEIGEYAPIGLMAPFVEYKEFVINHLIGINEXEVLLKFIGLLKFJZLLKFFBKYKFHAESKFBPKYKFIZHZKFCLFSIUGLHZHCFBIADYCMIAFHARDNGFBPHZDYHPKYDYIGKYGEHPIAGRGWIAGRGWIJLBKHCUGRJYCUHVDJAMKWEKKBGEEZDVLGEKHZFUGWHZGEEZKYDY
80,karn,Unmodified,LALLKFFALLEXFALLEXFALLEXFALLEXFALLKFFALLEXFALLEXFACUEXFJCUEXFACUEXFALLEXEVLLEXEVLLEXEVLLEXEVLLEXEVLLEXEVLLEXEVLLEXEVLLKOEVLMEXEVLMIMEVLMIMEVLMIMEVHRIMEVDNIMKMKTKOFAHZCJFAKTKOKHHMGNKMFRHTLJHMHTFJJFHTIHHMCJLJLLCJIXLLDUETCVFCEOLHGNIXHIDUIXCZIMIXCZIMIXLLKEIYLLLBFALLLBLAFRCT
81,karn,Unmodified,EVIAEXEVIAEXEVKYEXEVKYEXEVLLEXEVLLEXCLLLEXCLKYEXCLDEEXCLCVEXCLLMEXCLLLEXCLLLEXFALLEXEULLEXEVLMEXEVHZEXEVLMEXEVHZEXEVHZEXEVHZEXEVCUEXEVCUEXEVHMEXEVLMEXFAHMLBFAESLBBPIAFVFALMFVFALMLBARESLBFALMFCHPLMLBKMIAIMIBKYFCEVKYFCITIALBBLKYKNITIAFCFABNLBIHFRFCBLCUAOHOKYLBHJFRLBFGCOIM
82,karn,Unmodified,LJLLEXHXFSEXHXFSEXHXFSEXHXJOEXEVINEXLJINIMLJKCEXLJFSEXLJFSEXHXJXEXLJJBEXLJAWEXLJAWEXLJIJEXCLKYEXLJKYEXFAKYEXLJKYIMHXKYIMFBHZEXEVINEXDBHZEXDBHVIZLNHVEXLNEYEXIGJSEXLJDVEXLJJFAKLJHZHLLJHMHGLJJOKTARHMFULJHMFVDTJSEWGWFSLAGWGOEWLJFRICLJDREWLJIAKFLJKBKFLNIAEILJIAKFLJIAKFEPLLKF
83,karn,Unmodified,HXIWIMHXIWIMHXLMIMHXIWIMLDIWIMLDIWIMFAIWIMFAIWJILJLMIMHXIWIMBLIWIMBLIWIMHXIWJICMIWEWBLIWEWHXIWEWHXIWEWHXIWIMHXIWIMHXIWJIHXIWKOHXIWFQHXLMFQLJIWFQBLIWLFFALMFQHXLMEWBKBALFECBFEWECLMLFIXESBFHOKYKBIPIWGFIXKYFQLDHDERASIWEWETLMEWIXBNEWIXKYEWIXBAEWIXBAEWGLBAEWGLKYFUGLBAEWGLHDEW
84,lek,Unmodified,LALLGXKHLLGXITLLFMAIDVHGAIHDGWKVLLHGKHLLHGKHLLHGKVDNGXKHFWFMKRFNFMLHDWGXKVJXJMIPDVJMKVDVJMKVJOLBKVJOIZKVJOBIFGLLIZKVDVIZKVDVFMHAIJIZKDDVKUKVLMKUKVLLIZKVLMHGKMDVHCEPINHGCQLLHGFNBXBXBWLLIZKLLDIZCWKKKACWINFMCQBXIZFJINISLLDVFUHODVHCLLGOHCKZGOFMATFRIVALDVLBBFDNHGJPDMHGDZDVBV
85,lek,Unmodified,DBLLHUFGLLHUFGLCHGFGLCKSBLLLFHEZLLHGAXLLIDIOLCKSAXLCKSAXLCHGEZLCJMEZLCAZIYLHAZIBLCHGAIESHPIBJAHPEKLHHPCSKPHPHXLMHPCSESKUKDLMAZHWLCIQFGHRIQIGKYIQFGBSIQKVBSHGFGBSHPFGKYIQBPDMIQBLBNIQLJBNHCHOKBHCBUIJHCFOKGHGFOIJHGFOCFHTFOCOHGJXGAIQFOGAHGHCLLBRFOLLHGFOFNBRGSKYKSJXKYBRFOFNJW
86,lek,Unmodified,KMFJFVHSFJETGHFJETGHFJDLGHFJDLKMFJGXKMLLDLKMFNDLKMFJLKLNFJDLGCFJIDGCFJLKFGFJLBHSFJLBBLFJFVKMLLFVFGFJFVFGFJFVFGFJFVKMFIDLGHDVDLEPLLDLLNLLDLCHLLFVCHLLLKCHLLKJLNLLFMHWDVFVLJDMLBLNDVDLLNDVLKLNDVDLARKBDLARBODLHPLLDLLJLLDLIYLLDLFPKYLKFPKYDLKMGACJKDFELBKLADLKKDLCEHKDFEDLKVAHLK
87,lek,Unmodified,FGCZKJKMKKKJKMCUKJKMCUKJGGINKJJYLDKJFGLDKJKMLDKJKHLDIUKHKKIUKHINIUKHINIUBLFNIUCQDWIUIKDWIUIKDWIUIKDVLBIQHDIQIHLDEXKQFNEXBVLLEXBLLLLBHFLLIUHOFNIUDTLLIUCWFNIUCWLLLBHNDWIUIKKLIUKDJAIUFKJAIUFKFSEXIVFSLBKDFSLBDPFSLBFUDNLBGKINIUGKINIUFJFSIUBPCZIUANCZIUDAINLBDAINKJJGINEIJGKKCN
88,lek,Unmodified,FGLLFHFGLLFHFGLLFHFGLLFHFGLLFHFGLLFHFGFNFHFGLLFHFGLLFHFGFNFHFGFNFHFGFNFHFGFNFHFGLLFHFGLLFHFGFEFHFGFNFHFGFNFHFGLLFHFGLLFHFGLLFHFGLLFHFGLLFHFGDVFHFGDVFHFGDVFHFGDVFHFGLLFHFGFNFHFGLLFHFGLLFHFGFJFHFGLLFHFGLLGXFGLLGXKHLLFHKVLLFHKVLLFHHWLLFHKHLLFHKHBXFHKHBXFHIFINFHIFINFHLILHFH
89,lek,Unmodified,KVKTFLKVLCHGKVLCLGKVIJHUKVHZLGBLLDHUBLFSHUIFKYHBJYKYGNJYINIYKHINJOFFHDHBKHKYFLKHIEHGKHHDHGEPKYHGBBDVHGBBBJHGBTDDJWGVDNFLDKDVKXBBLLETKVKCKXBBLLGNKVJFFLKVDWHCDKLLIOCSJKFHKVJKHCCSLHFLEPJAFLEPLLFLEPJAFLGLJAFLEPJAFLGVHZFLEPKKFLEKKKFLLLCUFLEPINHCKRINFLEPLLFLKCLLHGKCFNJLKCDVHG
90,lek,Unmodified,IGDWFMIGLLFMKVLLKXKMLLKXBULLFMKMLLFMKMFJFMBPFNFMITFJHGBPAVHGBLLLFMKHLLFMBLLLKXFGLLFMFGLLFMFGFEDLFGFEFMFGFJHGFGLLHCFGLLFMFGLLIMFGLLDLFGLLFMKVLLLKLELLHLLELLFMCDLLFMIOLLFMKHLLFMKVLLFMKHINDLFFINFMKHINDLKHFIFMLEFIFMKHFIHGFGINHGEKFIHGEKLLHGHODVGXHOFWFMHOFWFMHOFWFMLIDVFMKQIWGX
91,man,Unmodified,KMDVIQKMDVIQKMDVIQFTGFIQFTDMIQKIDMIQASDMKXKMDMDQKMDMDHKMGFIQFTDMIQKMDMIQKMDMIQASDWIQFTDNIQKMDIIQKMKYIQFTDNJMFTFSJMKPFSJMKMBNIUCQDVJZKMDVHTKMDNHTKMKBHTKZDNGNARKBGNKLDVGNKCGBICLDCFIQKMFRHTKPKBIQHDDVIQCVDVIZKIDNIQLLDNIZLDDNHGKZDNFUKHDNDQKMDNHKKMHZCNHOBOCNHVHZBVHTDWDCHTFNHK
92,man,Unmodified,KDJSKOLAJSFZLAJSFZLAHMFZGALMFZGADIFZKDDIFZKDDIAOKDJSFZIGDIFZKIDIKOITDIKOIGDIFZGCDIKOGCJSKXBCJSKOFTJSKXITJSDLITJSIMLAJSIMGCJSJNGCLMIHFGFWLBKILLFZHWLLEYLNLLJMFYLLBQITLLIOAQLLIHAQLLILCHFNDCJUESJJFFDWKFFFHZJWHTHZHGFFDVHTJQDIGEJKJABRLLLLBREVDVLGLHLDHTIXDNHTIXLLGRKIDVGRKMDVGR
93,man,Unmodified,KVDNLBKDDNIMKDDNIMKDKGIMKDKGIMKDKGLBDKJFEXKDIRKFKDIRKFKDIRJNKDJFKXKDDMJNKDDMJNKDDMDLKVDMIMKDDMKFKDCFIMKICFFIKDCFKFKVBODLJIDNHLKVDNJNFACFDLFACFHYKHDNBRFJKGJNIKHDLBLNKGLBIFDNLFHEDVLBAMCFLBKCKBDLEUKBLBFBKBLBLJKBDLLJKBDLBQKBDLKCKBLBLJDMFUEPDVFUHEDVKFKHDVFUKHDMKFBTDNDLEVLDCN
94,man,Unmodified,ASKBGXASDVGXLADVGXFJDVGXKRDVHCASDVHCHSDVHCHSDVHCKRDVHCKMDVHCHSDVHCKMDVKOKMDVKOKMDVAUKMDVDLKMDVEFKMDVDLASDVHGKMDVFDKMDVAUGLDVJWKMDVJWKMDNJMKMDVKOKMGZHVKMDWJSIYDVJCJXLLHGEZDVKOFTDVLFIXDVEWEZDVCAKMDVHGKMDMHGLDFRGXKMDNHCLLDNHCLLDNHCKMDNFDIPDNIMKMDWHGIYHZFUKRHZCNKMFSCNJQFNLB
95,man,Unmodified,KIFSGXKIJXGXKIFSGXKRFSGXITGOGXBCFWIMKRJXGXLADIGXLADNKXLADNIVHWJXJQKVJXIVHWFWHCHWFWHCJUDMLBFGDMGNIYDMDUIYDMJMLNFWDUIYDVHTIYFSDUHSKGBRKMDVDUKMDVGEITDMGEITDMDUIYCOIUIYLLGEIYCOATIYCOHYKSCOCRFXCFGNFXCFGNFXDMCRFXDMIUFXDMCNFXHDCJIUHDCNKMFIHKKHINGNKHDWAYJWINAYLBINFVKSINAYKHINAY
96,man,Unmodified,KMFWHCKMFWLFKMFWKFKMKYLGKMAHLGKMAHLGKMAHKXKMAHLGKMKYLFKMKYKXKMKYGXKMFSLGKIFSKXKMFSKXHFFSKXGWFSGXASFSIVFGFSIVFGFSIUFGKKCJKMFWDLLNFSCJJFFSIULNFSIQKMFSIQAWBOKRCHBOKRCHFSLBCHKKCJCHHZCJKMFWCJASFWCJFEFWLBDCFRLBKCFRGRDCFRFUFEKYFUIYESFULDKYGNLDFWIVIYESIVKRDMCJKRDMCJKIDMIVKRDMFU
97,man,Unmodified,ASDVDLASDVIVASHZATKMFREYKMHZATKMFWEYKMFWKFKMFWKFASFWKOASFWKFASFRKOASDVATASFRJWASDVJWHSDVKSFGHZHCKMHZLFKMHZIVASHZKFKMHZLGIXHZDQKMFRKTKMFRDQGLKBGRKMDVGRKMKGGRKMKGHTIYKBEWIYDNKEKMCOKEIYFRLBKMFRFVKMFRKWKCKBFUHDDNFUKDKBFUKMDMJMKMHVFUKYFSAPKDDVCYFTLLFUCLDVFUKMDWFUKMDWFUKMDWJW
98,mek,Unmodified,KHDILBKHDICJKHDICJKHDIDLHNJSIUHNJSIUGGJSIUHNJSIUGGJSIUGGJSIUKVJSCJKVJSGEKVJSGEELJSDUHAJSDUGWJSGEGCJSGEGCJSGEKMJSGRGCDIJLGCJSJLIYAHGECMAHGEKMAHGEHSAHGEDOGFHKKZGFBMAXGFBVJKGKDPKZGKDPJMGFGSKZGJHKDOKTIMGHKTAGKZFRIMKZCZFVKZINIMEZLDLBKZJBLBJXJBLBLAJBGSLALLGSJUKKKNJGKKECAIINAY
99,mek,Unmodified,KZGFLKKZGFLKKZGFLBKZGFLBLCGFBDDSGFLBHNGFGNDSGFAOJQGFAOJQGFLBJQGFGNJQGFGEGHGFBMGHGFCYGHGFJTDPGFBRKIGFGIKIGFGIDKGFGIFLGFGIKIGFICIYGFCIGWAHICHAINCIHAINICIYLLGSHAJBHKJCLLGSDSJBJLIYLCFMIOLLBHIYLLGVKHINKMIOLLJKIOGJJKKHBXGEKHFILBKAFICJKAFIIQGGFIEWIOFIDUKHFIDUGGFIDUIPGFHWIPKTHA
100,mek,Unmodified,GHGFLBGHGFLBGHGFJNGHGFDLGHGFDLGHGFCJGHGFHGGHGFAOGHGFJVGHGFJVGHGFLBGHGFHLGHGFLBGHGFDQGHGFKEGHGFHLGHGFGIGHGFGIGHGFCNIXGFKJKVGFCNJUGFBHHAJFIWGHAHBHHAAHKDGHAHFMHAJKFMHAAHFMFGJBJVBLJBJVFTINGIKCINBHJUINBHKHINBHJQINIRJUINHTJUGJLBDZHIJVJUBSDQGHJAHTLMGFGRLMGFEMBBGFEMGZGFGRGZGFEM
101,mek,Unmodified,AXIAKOAXGFLGHSKTGXHSKTIVHSKTHLFAGFBDHSJSHLANDVBDFAKTBDFADVHLFAINJWFAJOJWHSGJJWHSJOJWHSJOJWHSJOJWHSGFGNANHIJWFAHMJWFABXJWHSJAJWFAJAIMHAJAIMHALLKOHALLFMHAJOFMHRGKFMHAGOFMHAJOJMHAKYDLIAGKCJIAGKCJIAGKCJIAKTHLJOKTLBFAGFHLFAKTLBKUKTLBHAGYHLHADMFMHAGFIUHAGFFMHNGFFMHAHHKSFAFJHT
102,mek,Unmodified,KIKTCJKIGBLBKIGBKWKMGBGEKVGBGEHFGBAOLAGBAOLAGBJWHOGBKDLAGBDBHFGBKNLAGBHKLAGKHKFTGKGIKMGBGIKMGBGIIPGBIMIPGBFMIPGBIMIPGBJNIPKBKDFAGBIMFAGBLBFAGBGSIYCOGSIYGBGSFAKBENIYKBENFAKBGBITJSBDITIJDOFAIJJRHAIJCJHAIJICHAACJLHOACFPHOACEIAOACEMGEACJVKELLGSLKACIFKHFIILDDGJECKZGFJLKHGFDO
103,mek,Unmodified,HSGOJWHSGBBHFTGBJWFTGBJWHWGBHLHWGBJWGWGBHLBUGBJWBUGBJWHNGBHLBUGBLGBUGBIUANGBIUANGBHTANGBKMFGGBEHAJGBEHFTGBJTHWGBJTIYGBDUIYGBLBIYGBGNANGBKKIXGBLLIKCOGRILGBGRDOGBJBHSKTKNDOKTJZJMJFCWIKKYAOKZKTHLLJJFCRLNJFGDIKJFGDIKJFCRKAENCRIKKYCRCSACGDCSJBBMLJACLJBTLLCXBTLLHUGGLLFZKZACHY
104,mek,Unmodified,BTGFAOBTKTLBGHJFLBGHGFLBGHDVBDGHGFBDGHDVBMLIGYBMLIGFBDLIJSHKBTJSHKLIKTHKBTKTAGBTKTKSLIGYHYDPGFJWLIJSEREKJSKDDKDVFDBTDVESIPDVKSITDVGDAXAHDLAXGYGDFBDVEMIPDVFCHSKBGNFXAHBIJCAHFCIOIJFUIOENDUCMIJJRIYJBEMIYIJEGIOKYEMIOLDIOIOKCKWGGKCJIDTLCGEKHLDJBJULDHLJULDHLLKLDBZHGKCDWJQLCGR
105,mind,Unmodified,FTENGNFTENGNFTENGNKVFWGNBTDNHPKVKGGNKVDIGNKVDVHGFTDIHGKVDIHGKVGJHGKVJSHGFTJSITFTKGIQKVKGHGBTKGGTBTKGGTBTJSGTHWKGGREKJSGRHWJSGREKDRGRGVLMGRLNGOETFTGZKFGCGZIOLJGYKFFTGYCRARGYAOFXGYKFKDGYDLKDGYKMFTGYGHFXDNGMFXDEGEFXKYFMBHCFDLFXKYGDJKDMGMKVBNGDHEBNGDAZGAJWJWGOHGHCDMGNKUDMHK
106,mind,Unmodified,ITGZAZITDNHGKVDVBRKVGZHGKVDVCJFKGZCJKVGZLBKVGZLBFKDNLBKVDNHCKVGYLBFKGZGTBTGZCJFKINHTGCDVHTEPGYJLDBDNGRGPDNDUGPDNGRFBDNGEITDNGRBGDNGRHSDNLBFBGZJNFBDNCRLJGZGRIXDNDJCWDNIXGPDNKFGPGYBRGPKBHYGPKTBVGPKTGNGPDMGDGPDMGDGPDMGDGQDMGDGODMLKGPGYCNFKDMKJHEESHYKILLGNKIACGNDALDJZDAHDLD
107,mind,Unmodified,FGDNGNFGDNHLFGDNHCAJDNBRGVDNHPFGDNBRFGGYIQGVGYGNFGDVDUFGGYGXFGGYJMKVISHTKHGYDUKVGZGREPDNGRGVDNGRGVDVGRKIDVKDITDVJNFGDVGRJZDVJWJZDVJWBUDVJWJLDNIOBVKTJNGVKBHLCQJFGNKWHDGEIFGYLFGVDMGRGVDMGRGVDMILGVDMJNGVKYDLGQGYJRIFDMLMHOJFDLHOJFBHFOJFATKHIEDLKVINHUKHINJNKHINJVKHINJVKKINGR
108,mind,Unmodified,GQGYDLGQGYHCGQGYHCGQGYGXGQHZGXGQHZGXGQHZFMGQHZHGGQHZIUGQHZIDGQHZCJGQHZLKGQDVCJGQDVIUGQJSLBGQGOICGQDRLBGQGOGOGXGOJLIKDVICGQGOICLNISGRLNCOFVJOISGEJOCFGRJOISKNJCDIIUJCCFEHKXKBLGILKTLGKXKTGEDSKTGEILKTGEILKTFMIOKTCNGPGKLBGPCOGSGPGUFUFGKBFVITCFGDGXCFGDCDGBKJIODMDQJLDMFUBIIEAT
109,mind,Unmodified,KMGZJMKMDNDQKMDNFHCMDNJWDTGYJWCMGZJWCMGZJWJHGZHGANGOHGANDVIDJHDNIDANDNAOANGYHGANDNHGJHDNGNHODVGNLIDNGNIHGZIZGPGZGNDAGYKJGPGZJWFTGZJWANDVFHKHDVFMBPDMFHEUKBFHCCKBFHCSKBFHCCKBJWCCKBJWCCKBJVCCKBJNHEKBJNBUKBJWBUKBJWIYKBJWIYKBJNGVKBDBGVKYFMGVCOFMLNESFMLNESIDLNDVJWLNLDFMCSHZFM
110,mind,Unmodified,KMJSJWKMJSHGKMGOCJBLGOHGHOJSHGHOKTFMCMDNLKJUINLBCMBJJNCMGZJNJYGYJNKMGYDUKMGYGTKMGOGREPGYDUKMDVDUKMGOGRKMGOGRKMGODUKMGOCECHGOGRLDGOGRHBGOAKHBGOJNHBDRGRGHGOGRKIGYGREZCFKNBZHHGRKLHHBVKMDVGNKMFWEHKMDMGRLMDMGSGVDMGDJTHHKFLNDMKNIGGAJNIGDMGMJYHDJNJYGZGNJYBSGNIHLLGRKDDVGRJULLGE
111,mind,Unmodified,FTDNIQFTDNHPJYDNJQIODNHPFTDVGNFTDNLKKMDNGNKMDNGNKMDNGNGCBJGNFTDNGNKMDNGNJJDVGREPDVDUGLDNGRKGDNGRGLDVGRKMDNDUJODNLIJODNGMJODNHNJODNJWIOGZJWIOGYCEKIGYJWFTGYDJGPJSGQFQGKFAKPKBJWFQFRGNKPDMGEFJCFBVIJDMGMLMJSGMESCFGMJSCFGMFTGAGMCLGYGMCLDMGMJSGAGMAJGADQAJKYEQAJKYHTAJGYCRFVGFJM
112,moo,Unmodified,FGGZGXFGGZGXFGGZGXFGGZGXFGGZGXFGISGXBLGZGXBLGZGXBLGZGXBLGZGXBLGZGXFGGZGXBLISGXBLISGXBLGZGXBLGZGXKDGZGXFGGZGXFGGZGXKVGZGXKMGZGXKDDNGXKMLCGXKHLCJMKHLCHCKHKLHCKHGZKXKHGZKOJLGZGXFGGZLHIGGZLMFGJACYEVGZHBFAIWGZGLINISJAINFUGLDVIMGLGFHCKMGZJWKMGBHLGLGFDLEPGFLBGLDVLBGLIWKXLLHMHL
113,moo,Unmodified,LAHZHCLAGYHCLAGYHCLABJHCLABJHCLABJHCLABJHCLABJHCLADNHCLADNHCLADNHCLAHZHCLABJHCIPBJGNBYDNGNHWBJHGBUBJHCHFDVHCIODVHCFKDNHCKAJAHCGGAHHCFKDWILIUGJILKAGJHCIUGZGZKHBJGZKHDNISIUDNILIUINILIUHHILIUINHBDSGZFDLGINCYLHGFDLHRDVKJDSDVHCCNDVKACWGYFLDPGYJWKJDVJWKJDVHGCYGYFMKZGOHVKZGOBR
114,moo,Unmodified,HSKTKJHSKTLMHSGZLMHSGZEFHSFIEFHSKTKJHAHDDLHAHDLCBPHDLCBPISDLBPHDDLBPISDLHSKTENHSISDLHSISJNHSGZFMCMGZFMCMGZFMIYGZFMFBGZIVIYDVIVIYLMIVDSCFIVHSCFCYHSCFHGHSHDKTHSKBKTBUBNEWCQBNIUBUBNEIITKBGXHNDVEIKDKBKEFKDVIZKDDVKFBBIJGFJQLLKFKHDVKFKHLCKFDUKGKFJTBJKFANBJKFHSJAJWHAJADPBLJAHG
115,moo,Unmodified,HFHMIQKRHMBRKRHMIQHFHMIQHFHMHGHFHMBRHFHMBRHFHMBRHFHMDQKRLMDQKRLMDQHFDNBRKRDNHGHFDNBRHFHDBRKRDNBRHFDNDQIKDNDQFKDNDQIFDNDUIFDNDUIFHMDUJCLMJMIUGOHKIUGOBRFVLMDQBYDRDQITJADQITDNDQEYDVDQEYDNKPDCHZHKIPGFFQBUDVCYFGDVLFFGDVJYIPDVDQCWHMDLKZDVGNIXHMGRKZINIQKZDVHTKZDVHTKZGYAGKZGYGE
116,moo,Unmodified,LJGYGXFGGYHCFGDMHCLJDMGXLJDMGXIGDMAKIGAHAKIGAHHCIGAHHCLJDMHCBLDMAKBLDMJWBLDVCJHFDMAKFGDMAKHFDMAKFGJFGXHFJFGXHFCKCJHFJFCJBLJFAKBLJFAKBLJFAKBLJFAKBLJSAKBLJSAKBLGYHGBLJSHCBLGYAKFXGYAKIGGYJXJLGYHCJLGYAKJLGYAKIGGYAKIGGYAOIGGYDYLJGYIRIGJFEIBLGYEXBLGYBUFGJFGXFGDVGXFGJFGXFGJSIQ
117,moo,Unmodified,FGDNEWHSDNHBCMDNHBCMDNICCMDNHGCMDNIVKMBJHCKMDRHCFGHMIVBLHMIVBLHMFCITJFIXITLMICFGLMICFGLMKGFGDRGBFGDNBXFGDNHTFGDNHTFGDNIVFGDNIVHNDNHGFGGOHBFGDVHBFGDRHBFGHMHBFGDMDPHNHDDPHNDVHBFGDVHBBUDVHBKRDVHBBUDVLMITDVHBBUGFHBFKGFHBFKDVKSCWGYKSCWGBHLCWDVIUIXGKKSGHLMKSGHHMHTKZGYJZHNDVJZ
118,moo,Unmodified,BPHDHCBPHDHCBPHDHCGAHDHCFJDNHCKVHDHCBLDVHCIJDVHCBCHDHCDTINHCGWHDHCBLHDHCLJHDHCBLHDHCHEHDHCGALMHCHADVHCHEDVHCKMHDHCFKLMHCJQDVJWLCGOJWIUJFJMKHJFHGHAJSCYKHJSAZIUJSAZJQJSJMHEHMKEHEJBKEHEHMKEHEHMAZHELMAZHEHMAZHEINKSHEGZKAKMLMKOCQDVJMCWFIFMGLINFMIXDVGNIBGOGNIXGOGNIXDVGNCVDVHL
119,new,Unmodified,DFIAJIDFIADLDFIADLBCHRDLBCHRGXDFHRDLDFHRDLCSHRDLITHRDLBGKKDLBCKKDLBCINDLHAINDLHAINDLHAKKDLHAKKDLHAKKDLHAKKDLKVKKFLHAKKFLHAKKFLCLKKFLCLKKFLBYKKLKBYKKHYANKKHYBYINHPAXINLFHSLLBDAXHMLGAXHMDLHNLLIQHNLLIHAXLLIHKHHMGNGGHMJEAXLHDPIOLHAYIFLHHYAIJAIHHNJAIHHNJAKDHNLHKDKZLLAYITKKDP
120,new,Unmodified,IKCUIQIKHZFQIKHZHLIKHZIQIKHZHYIKHZJNIKHZJNIKHZJNHFHMJNDTHMJNITHMJNIPHMHLITHMCTITHMCTITHMCTITDRAZIKLHHLIYHMHLFBHMAZFBHMHLIYHRHLJOKYHLIKHRHLIXJOHLJCJOCYDSHRHKCYHHHPJXHHDLDNCZDQDNKYKWKZDVICDNKYKWBUKYKWHVKYKWHACZKWCLKYKWGHHHKWIOJKKWJXLLKWCDLLFCCDAQKXKHLLKWIXLLKWGGLLKJKFLLER
121,new,Unmodified,HXHRBDIPHRKXIBHRHPIBHMHPIBHMIQITHMBDBCHMBDBCHMBDBCHRBDIPHRBDIPHRBDIBHRBDIBHRBDIBHMBDKVBFBDIBBFICKVFIBDIBFIBDBCFIBDKVFIBDKVKYBDBCLLBDHWFIHKHWHMHKLAHMHKHWKKBDKHBFHKKHFIHKIXFIHKKHHMHKIFHIHKIXFIHKKNFIHKKHHRHKKVHIHKHNHIHKHNKYHKDKHIBMIPHIHLIPKYHLDKFICTIXFIBHIXFILDKHFILFIXFIBH
122,new,Unmodified,IYFIHLKEFIHLIYFIHLIYFIHLIYHIHLIYKYHLIYFIHLIYFIHLIYFIHLIYKYHLIYHMHLIYHMHLITLMHLHNHQHLEPHMHLIXHMHLIYHMLFHSHMKEIYLHAOIPLHDQIPHMHKIPFIHKBGFIIQHXFIIQIOHMIQIYHZIQIYKTIQLAKUIQLAFIHKLAFIGNIPFIKWKZFIICKZKTKWJMHQKWIXKYKWIXKTHKIXKTKWIXKTERIYKTKWLAKUKWFWKYBDLAHZKWHNHRKWBTHRHPHWHZHP
123,new,Unmodified,HOHIFMHOCVAOHOCVAOHOHIAOHOCVAOIBCVDLHOCVDLHOHRAOIBHMAOHOIAAOIBHZAOIBHZAOIBHZAOHOHZAOHOIAAOHOIAAOHOHZAOHOIAAOHOHMAOHNHMAOBCHMDLBCHMAOHWHMLKHWKTEHHOHMDPKHHMHKKHHZHKKHAHBDKHCZHKKHHIIDKHFICNKHHIIVKHHRHKKHHRHKELHMHKELHRHKBYHMIMHXFIIUHXHQCNBCFICNFAHQIDBGKYCNKHKTBHKVKYBSEPKTBH
124,new,Unmodified,HSHICTHSHIHLHSHIHLBUHIKFHSJAKFHSJAKFHSINKFHSHIKFIPHIKFIPINKFIPHRKFBCHRKFBCKKHLITKKHPITKKHPITINHLHSHRHLHSINHLBUINHLIKINHLIKHRHLBUINHLHOFIHLBUHIHLHSHIHLIYINHLFGINHLFKINDLFKHIHPFKHIHKDKHIHKGGFIHKGGKTBMFTKTBMFTKTHKGGHIHKIOCODQGGDVHKHNKTDQHNJSHKBBJODLDKHHCYDKLLCYGZFJHKDKLLHK
125,new,Unmodified,BLHZCYBLHRAZBUHMCYFGHMCYBUHRCYBPHRCYHOCZCYBUFRAZBUIAAZHSHZGXHOHMHLHOLMHLBLHMHLBUHMHLHSHMHLHSHMHLFGHRHLIBLMBDIBLMHLAXKYHLAXKKHLAXKYCYHNHZCYFGFIHLFGFICYKHHMCYAJFIHKKHHRHKKHKYHKGGKKHKHNHIGXHNHIBHHNLHBHHNLLBHIXLHATIXHRFQKHHRDPCHHRIUHSHIIUIOHRLFIOKKHTKZKTLFIXCUKHKSFIGNCQFIHK
126,nice,Unmodified,HSKYIVHSKYIVHSKYIVHSBSKSHSBSKSHSDIKSHSBSKSIBBSKSIBBSKSHSBSKSHSDIIZHSDIIVHSFWIVHSFWIZHSDIKSHSBSIZHSDIKSHSFWKSHSFWKSHSKYKSHSKYKSIBKYIVIBKYIZIBKYIVIBFWIZIBFWIZHSFWCYHSFWIVIYDIIVIYDICYITDIICHSKYICIYFWHTHSKYBVLAKYGRIXBFHTIYCKBVKZCOBVKZKYBVKZKBBVIXKYHTIXKYHTIXKYCEIXKYCEIXKBLD
127,nice,Unmodified,LAHQAZHWHQIQLABFIQLAGYHYLAGYHYHWHQHYHWHQIQHXKYHYHXKYIQHXKYIQHXKYIQLAKYIQLAKYIQLAKYIQLAKYHYLAKYHYLAKYHYLAKYHYIBHQHYIBKYHYIBKYHYIBHHHYIBHHHYKVHHHYHSGYHYFTKYHYANGYICFBKYICKMJSICKMBNHYANHDKWIOHDLFHWFWGNJXFWICIXCFICJXKYDUIOBFAYKZBFKWKZKYKWKZKYKWKZKYAZKZBFHYKZKYHKKZKYKWIOBFBM
128,nice,Unmodified,ANFWIQHWFWIQHWHRIQIKHRLGIKHZDHIKHZHYBUKYHYBUKYLFHXKYLFHWFIHYHWFILFHWFIHYHWKYLFHWKYLGHWKYIVHWKYLFHWKYLFHWFILFHWFILGHWKYHPHWBFHPANBFHPANKYKJANKYKJANKYCYDKLLCYFGLLAYFGAQDPHWJALLHWJALLHWFNDPHWLLLLKHJAHKKHJAHKKHLLFQKHLCFQIXLCBMIXBSCYIOJAAYDKJABMLAJAGNHXINCXJGINCXLMINCXIXINFU
129,nice,Unmodified,DKKBHUDKKBHUDKKBHUFKCOICFKKBHUFKKYFZDKKBHUDKKBLBHWKBLBHWKBLBHWFRLBHWKYHYHWKYGQHWKYJDHXKYIDHXKYKXHWFRKXHWKBHUHWHZJIHWHZKSHWHZLBDKINDHDKLLICDKLLKSIBINCJIBLLCJDKLDIQDKFNHTDKBXAOKMJADLHSJAERHSJABRKMJAGXIYJALBIYINKWIYINKWKOINKWIXFIKWIXFIKWIXINHYIOGYKWIOKBIQIXAVHNIXKBKAIOKBBR
130,nice,Unmodified,ANKYIVIBKYIVLAKYIZHSKYIZHSKYIZHWKYKSHWKYIZHWKYIZHWKYIZHWKYIVHWKYIZHWKYIZHXKYIZHXJAIVHXJAIVHWJAIVHWJAIVHXJAIVHWJAIZIBJAIZHXJAIZHXKYIZHXKYIZLAKYIZLAKYCYHWKYAGKMIEAGKMFWHTANKYLBHSKYCJKMFWIQKMFIJZHSHMHTASHMGNASFRGNKZGUGNIXBFDUIXCFBVIXACBVIXKYHTIXBFHTIXBFHTIXKYHTIXKBHTIXKBHT
131,nice,Unmodified,HXKYIZHXKYIZHXKYIZHXKYIZHXBFIZLABFIZLAKBIZLAKYIZLAKYIZHWKYIZLAKYIZLACOIZLACOIZLABFIZHWKBIZHWKBIZHWHZIZLAHZIZHWHZIZHWHZIZHWHZIVHWHZIZLAHZIZHXHZIZLAHZIZLAHZIZLAHZKJLAHZLMLAHZIUHWHZIUANHZGXANHZIZANKYKXIOHZIZIOKYIZHWLCKJHWLLBMHWLLDQHWLLBMHWJAEIHWJAEIHWKKDGFFJAILKOHVJMKOKKIZ
132,nice,Unmodified,HSIAGFHSIAGFHSIAGFHSIAKUHSIAGFHSKYJSHSKYGFHSKYJSHSKYJSHSKYJSHSHZKUHSHZHRHSHZHRHXHZGFIBHZKTIBHZKUHSKYFIIBKYKTHSKYKTHXKYGFHSKYIVLAKYIZHXKYJZHXKYCJHXKYGFFGKYIZHXKYIVIGHZIZIYHZIZANKKIZIXKYDHHSKYKXHSKYIVHSFRICCDFRDUKZFRBVIOKBGREZKBHYHXKBICHXKBDQIXKYBUIXKBIVIXKBIVJMFRIVJWKYIZ
133,pae,Unmodified,IKIIIMIKCQIMLJIIIMLAIIIZIKIILLHSIIKTHSIIIZHSIIKUHSIIKULJIIFQLJIIFQLJIIIVLJJXEFIKIIEFIKEYEFIKCQEFLJIIEFIKDRKXLJIIIZIKIAJZIKIIJZLAIIJZLJIIFXLJIIBULAIIFXIFIIHFLAIIFXLAIICAIOIIHTIGIICAIOIICAJOIIGUHXIIFXLAIIIMIOIIGLLAIIKUCQIIILCQIIBILAIIJHLAIIILLAIIJYLAIIGOLAIIILIOIIILLAIIGS
134,pae,Unmodified,BGKYIHBGBFIHHOKYIHBGKYIHBGHZIHBGHZIHBGBFIHBGBFIHBGHZFQBGHZIHBGBFIHBGBFIHBGBFIHBGBFIHBGBFIHBGBFIHASHZIHHXLCIHLAKYIHHOKYIHLAKYIHLAKYIHLAKYIHLABFIHLAKYIHASKYLMLALCLHLALCIXIOLCIHCQBSDPKHGYITIFBSDPLAGZDPIFFIKECDKYLFKZJAIHCDKYLFLEKYLFLEKYLFKABSLFLABFJIBYGZBDBYBFGRHXHRHEEPKTLF
135,pae,Unmodified,ITKTIZITJKIZIKKSIZIKKSABIKKSIZIKKRIZIKKRIZIKEFIZIKKCIZIKKCIZIKEFIZIKKSIZIKJOIZITAWIZITKTDLITKTIZIBHMABIBKTABITKTIZITKTKXIKEFKSIKKQIZIKKQIZIKKQABIKINBIIKHRBIIKIEABIKLLHCITKOIMITKOIMITKOBIITKOHCIBLLBIIBLLHCIBLLHCITIIKSHSIIIZHSJMDRHSIIGKHSKOGKHSADILHSKQHBHSKOILITLLBIHCIIDR
136,pae,Unmodified,HSHZBFHSJABFHSHZIZHSDRILHXDRBFHSKUDGITKUDGAXKUDQIKKUEYIKJAEYIBJADQIBKUDQHSGFDQHSLLESIKBJLMDBJAIZIKESIUIKIEKUDBHMIUIKKUILIKKUIULALHIUIBLMIRIBDREJIBDREKIBDRBIIBIEIUIKHMGLKVLMILKVDNILKVKGILIFJFILIFKUILIFKUILIFJFILIFKUILIFHDILIFINKAIFINEYIOFIJWFSINJWIOKKHCLEJAHGIFJABRITBXFV
137,pae,Unmodified,LALDKULALLKUIKLLFDIGIJFDIGIJFDIGLLFDLALLFDLABNFDHXDVBIHXDVKUHXDVKUHXDVFDHXDVLKHXDVBIHXDVDGHXDVLKLADVEYHXHZEYIGHZIMIGHZDGHXDVHFHXKKCALAHZJALALLJAANHZLCHSBJKPIFINKMIFINJYKVHZDQKVLLJUIFLLIGIFJAIYIOINAWIFJACAIOJADHIFJAHYIFJAIVIFJALBIFJAKDIFLLFQIFINDLKCINCAHEINHTIPINCALAFICA
138,pae,Unmodified,HSDMGXITBNGXHSBNGXHSDMGXITBNGXITBNGXITFRIUITBNIUHSBNIUHSBNIUHSFRFHKMDVGXHSDMHGLAHDHFHXDVHFHXDVHXHSLLIHHSLLFZHSINIHHSLLFZHSINBQKMINBQHSINHOHSINHOHSIEEJHSINJJJOINHOJXIEHFIOFWDGIFFWHBIFFWEVIFDMHBIFDVLFKHDMDPKHCFAWKHDNLFIOCFIQKMCFLFHSCFCNLAGAAOLAKYGEIXKYGEIGCZICIYFRICLJHDIC
139,pae,Unmodified,IKHMIZIKKYKSIKBFIZIKBFBIIKBFBIIKBFKSIKKYBIIKKYKSIKKYKSIKKYKSIKGAIZIKGYIZIKGYBIIKGYKSIKGYBIIKBFBIIKBFBIIKGFGFIKBFILIKLCJHIKLCJHIKBFKTIKBFILIKBFILIKBFILIKBFILIKBFIZIKKYILIKBFILANLCILANBAILAMBFILLAENIVIFESBIIFENILIFKYILIFIRHBIFHZHBIFHDIZFSHDIZIFBAKRIFBFKRIFIRKRIFENHTKVAHKS
140,paper,Unmodified,HSIRAZHSIWAZHSIRAZBPISAZIYIWIQIYIRHYIYENIQIYENIQIYIRIQITIRIQITISIQHSISIQITIRIQITISIQITKBIQITIRIQITISIQITKBIQITKBIQITKBIQITIWIQHSIWIQHSIWIQHSISIQHSKBIQAXKBIQAXISIQIYKBIQIYKBIQIYISIQIYISIQIYISIQAXISIQIYIWIQIYIWIQHSIWIQHSIWIQIYIWIQHSISIQAXISIQAXISIQHSKBIQAXISIQITISIQCMISIQ
141,paper,Unmodified,IYJFIZIYJFIZIYJFIZHSJFIZIYJFIZIYJFHTIYJFCYIYJFIZIYJFIZHSJFIZHSJFIZHSJFCYBPJFDHITJFDHITJFIZBUJFIZBPHDIZBPHDIZANKLIZHSKLIZHSHDIZIYDWCYIYDWIZIODWHTIYDWCYIODNCYIOJFCYCHDRIVIKDRDQKRIJFSIKIJCYCHIJLLIXIJHTDOIJHTDOKUHTDODVCYDODVDQDOBNHTIOIJLMHSKBBAHSIJEWHSKBCYHNKBLDHNKBIZDSKBES
142,paper,Unmodified,BCDMIZIPDMIZITDMIZBCDMIVBCDMIVBCDMIZHSDMIZHSDNIZHSDNIZBCDNIZBCGAIZBCGAIZHSDMIVHSGZIZBCGZIZBCDMIZIPDMIZIPGAIZIPDMIZIPHDIZIPDMIZIPDVIZIPDVIZIPLLIZIPKYIZIPHDIZHSHDIZIPHDIZIPKPIZBCKPIZBCKPIZITKPIZBCDRIZITKBIZBCCFIZBCKGIZIYKGIZBLCFIZIXCFJMBLHDJMIXDVJMBLDMHTITDVCYKZKGKXHSKGIA
143,paper,Unmodified,HSKBIZHSBNLGHSBNKUHSKBKUHSKBKUHSKBKUHSFJKUHSFJKSHSIJEFHSCOKSHSJFEFHSJFKSHSLLKSHSLLIZHSLLIZHSBXIZHSLLIZIYBJKXIYBXIZIYLHIZHSKCIZHSBJIZHSJAKXITBXIZCMLLIZHSBXKSIYBXDIIYFJIZHSKCHGHSKCKXHSBXKOHSBXJSHSBJJSJODMGOHSDNGOKZDVHMHSDVHRAMBNDRJZIWGOITKGKUHSKGGOBUKBKGHSBNKGITKBKGIXKBKG
144,paper,Unmodified,IKHMFMHXJFIZHXDRGXEVJFGXHXKTIZDTBNIQHXHMFDHWHMFDHWKGIZDTKGIZDTDRIZDTDRDLDTDRDLDTDRDCDTKGIZDTJFIZDTJFIZDTJFIZDTJFHYDTJFIZDTBJIZKRBJIQITBJIQITBJIQITJFIMBUJFIMHSJFIMHSBJIQHSDWKFITDWIMHXJFIQLADWIQHXJFIQHXJFIQLADNIQLADNABHXDWBDIYDWHLIYJFDQHXDNAGAXDVABFADRHLHXKUDQHXKUHLCHKUHY
145,paper,Unmodified,ITDMIZITFRIZITKBIZITKBIZITDWIZITDNIZITLMIZITHZIZITDWIZITJXIZITKCIZITLHIZITKCIZITJAIZITJAIZITLCIZITDVIZITDVIZITHDIZIPCFIZIPHDIZIPHDIZIPHDIZIPKBIZITIJIZITKBIZIPIJIZITKBIZIPKBIZFAKGIZIYIJIZIPKBIZKMBNIZIPDVIZIYDVAWJOFRAWJOFRAWIPBNAWAMDVGKJODNAWKOFJKUIPFJKUIYFJKUKOLLKUCQLMDR
146,paper,Unmodified,ITKBIZITKBLGITKBIZITIWIZITKBIZITKBIZITIWIZITIWIZITIWLGITIWLGITIWIZITIWIVITIWIVITCFIVITKBIVITKBIZITKBGXITKBGXITKBGXITKBKJITKBHLITKBHLITCFJWFGKBHLITKPIUITENDLKZENIMKZISIMKZIWDLITISDLITHDDLITHDATITCFATITHDATHSHDDLDSHDEWBLIRATBLDNATDSIRATITJXDLIYIWATIXKBCDIXDMKFIXJXDCHSIWFU
147,pkie,Unmodified,BLLHJEIOLHJIBPCZJEIOCZJEIOAMJIIOAMHYFGCZJIKVCZJIBCCZJIIFJFKJBKJSJDJLJFJILIJFJIAIJFJIGQJFJIIFJFJIAIJFJIFGJFJIHJJFJECDJFLFCDJSLFAAJFLFAACKLFGQDNLFBLDIKOBLBJKOIGDWKOFVGJKOIOGJKOKZJALFITBJKOKFINKOHLINKOBHBJKOJZLHKOKNINLFKNINLFBHINLKJUINJWDZINLFCRLLKJDQINKJFYINJWJYDVJWJUDMGN
148,pkie,Unmodified,HOIJLGHOIJLGHFDILGHFDILGHFDILGHODIIQHODIIQHWDIIQHSDIIQHWDIIQHWDIIQKMDIIQIMDIIQBKDILGBKDILGBKDILGBKDILGLJDIEXBKDILGJCDILGJEDIKXKZDIEXFHDILGDODIIQJEDIIQDODIIQISDIIQDODIIQGIDIIQLGDIIQBDJSIQDOJSIQATJSIQLGBOIQLGJSIQKAJSIQKAJSIQGMJSIQELJSIQHWJSIQECJSIQECJSIQIMJSIQDOJSIQEHJSIQ
149,pkie,Unmodified,LJLMJDLJGJJDCSFWJDGQFWJDGQHZJDGQKYJDGQKYJGGQKYHZGQGAKJFKGAJDFKKYJDFKKYJDIUKYJDKFGAJDKZIWJDIFIWJDILKYJDILKYJDKXKYJWKXKYJDIYEYJDBDHDJDIVKYJDGXHMJDJCHZJDJZHMJDANHDJDIXFWJDEZGOJDEUDVJDLKGYJDKUJSJDEBJSJDJCGOKJJCGOJDJUJSEQKGGYIJDSGYJDJCDMJDBIDVECJGGFIWBOKTCGHNKTCGFVKTCGFVKTLD
150,pkie,Unmodified,JHLCLGJHLHLGJHLCLKJHLHLGJHKPLFJHKPLGJHKLLGJHESLGJHESLGJHCOLGHSESLGANHZLGJHLLKOJHLLLFFALLHUJHLLLGJHLLLGJHLLLGJHLLLGJHHMLKJHLLJWJHLLLKJHLLJWJHLLJWJHLLJWKVLLLKHWLLJWJHLLLKIOLLLKHZFILGKHLLHRKHFIJDKHFIDKDEFIDKHRKTKCHRHZLDHQHZKAKHESBEGGESBEHZLCBEHQLCLGJHLCLFKULCLKLMKULGJVKULG
151,pkie,Unmodified,HFCZLGHSCZKXHSCZLGHSCVBBIPCVLFBUCVLFHSCVHYHSCVJIHSCVKXKMCVIDHFCVKSBUKRIDBUHIIDBUCVJIFTHIKXFVCVKXFVCVKXDSCVKXJZCVKXKMCVKXJCJKKXHAHIKXGHCVLCDBJKJIDBJKJIAOHIJICDHIJIFBLDJIFBLDJIJLLDLFIOLDLDLEINJIDBINLDAAINLDGIINJIGIINJIJRINLDDALLIJHOLHJIKFLLJIJCLLLDDALLJIDJLLJIDALLCKCLLLLD
152,pkie,Unmodified,BLJFBIJCJFBIJCCZBIJCJFLGJCJFFYJCJFBIJCJFBIKMJFBIJCIJJRFGIJEHJCIJCJFGIJCJFGIJCJFGGAGCAIIJJGAILMLGAILMLKIFLMJELBLLJELBLLIVAILLJZBBIJLGBBLLIMHNLLGPGBJFLGHOJFJGICGJKIJLKCKIEPJJJZIOJJJZIOJJHNIOJJAKDOJJHPDOJJEZDOJJJDJRKCGEHLKCIZHJJJIZGQJJLKEGLHGCEGKUFVGQLMJGIOLLKSIOKYKSGGKYLK
153,pkie,Unmodified,ITAQBIITFJKUITAEKUJSFJKPJSBXJXJSJIKGJSAWIOJSKALBITAWFWITINFWITINDKGPBJKQGPINJDGPINEGGQGJFBGQIKBCITGJJZLJGJIYHFGJJRIHGJLGIHKCIVGLKCJWGLFJHBITFJKJIOKCBHIFGJKOIYGJDVFPLDHZFPLDKJHCLDLGKHKGLFFTCUKJGQKGIHKDGAIHKZLMJZDSHDKJDSESIHDSESKJFGESKJFGBSKJGQENKJKHKTIHFOJSAZHFJSJIJPGYJI
154,pop,Unmodified,CCDVHLLIJOHLFQJOJVKHJKHLEVJOJVDKDVJVKEJSJVKHJSJWDKFSJVJMFSKODXDIJNLMDIKOLMDIKOAVJOKODXDIFLDXDIHJEODIHLJUJOJWJUJOKOJYJODLJYJOKOKYDIKOHOJBLFJJDILFLIJOGNIOJOGNJUINGNJUJSGNHEJSGNJPJSGNJPJSJWJPJSJWGCJSGWLMCFJWJUCFGNFPCFDHFPAHDCFPCFDCFPCFGNEHCFJWIDCGJWLFKBJWFTJSGNKMIJHUJLAHGN
155,pop,Unmodified,CLJTLCJQJTLCKHJTLCKHJTGTIXJTJVKZJTJMKZJTJVHLJTDHKFJTGTKHJTLCBJLDGRJQLLDHHPLLDHHLJTAZEPJTAZHNJTJMLDJTJMJZLLDHKZINDHBTINJMEKINJMKHINGNHOJKAZKZCVAZKIKUIVDZHHFZIZLHFZIXKGFZCDJFFZJPLDFZJPLDGNFOLDGRGGGOFZAJGOGNKALDBRHRGOFZKOAHBDFOAHDHGNAHDQCJDVDQFAIJDQJOKYDQFOIELFLFKYJNJULCJN
156,pop,Unmodified,FVDIJNHXJSJNIXJSJNKVDIFLIFDIHUGGFWJWKFFWJNKOFWKNKOFWJWIFFWJWEIDIJWKNDIHUKFFWJWEQFWJWFZFWJWHTFWJWDLFWJWATDIFLJLDIJWDKFWJWEPDIJWEPHMJWHXJFJWBPJSJNJQESJNCMIEJNCHLMJWEZLMJWEUIWJWEUKUJNLJKUJRGHCFJNGHKBJOFOJSJNIMJSJNFXDIJNLGDIJWJPDIJWKJEOJWLKEOJWKJJSJWLHJFJWBTDIKAKZCKJMKUCKGN
157,pop,Unmodified,BSDRJMEVJSJMCAJSJMKZDIJMBBJSJMKIJSJMFFJSJMCWJSJMJUJSJMDXJSJMKIJSJMFFJSJMLEJSJMLIJSJMEPJKJMLEJFJMIDJFJMIWJFJMIHJFJMJUJSJMJUJSJMCAJSJMIHJSJMLNJSJMJLIEJMLBHMJMJPJFJMLFHHJMJUJFJMIHJFJMJUAMJMIHCGJMJUCGJMEICGJMKGJFJMESJFJMAUDMJMFWDMJMCQIJJMKVCOJMFEIJJMIKCGJMHTJFJMEWFWLEKVAHLE
158,pop,Unmodified,KVHMJNKHKYJNKHKYJNIPKYJNLKJOJNGEJOJNLIJOKNJLJOJNKVJOJNKHJOKNKHJOJNKHJOHTCQJOKNGNJOKNLKHMKNLCINKNJLINJNKHJOKNKRJOKNJFJOJNFUHRJNKOJOKNLGFIJNLKHDKNICFIKNFPFIJNFVJFKNJPIEKNFPDRJNJPFWJNLFHHJNGQJFKNEIFWKNLEHVFDDMINFDEWKYJWEWHVJMATKYJNJIKYJNJICVAZIDKPAZKMHDLCLNINJACFLDHLEWLDEQ
159,pop,Unmodified,EWJTHUITJOHULJJOLCJUJOLFFFJTKOFFJTKOJLJOJMLJJTLFJLJTJIKIJTEXJLJTEXJLJTKEJLJTJEJLJTJVJLJTJVJLJTJRJLJTJRJLJTJRJLJTJRJLJTJRJLLDJRLAACHLFTCFHLIUIJHLKIKYHLJLDWJRJFIJCJFTCKJRLIDMJREKDMJRBTBAJRLBBAFZJFDMFZLCDMFZKPKYFZKPKYHLLNAHJMIJDMHLFZAHJWKRBAJMLEBAJMKVBSCAFOCKCABLAVDQKBDMLF
160,pop,Unmodified,ITENJMITENJMKRESJMCYENJMIYENJMIYENJMIYESJMIYKYJMIYJOJMIYJOJMIDJOJMDOJOJMIYJOJMJDJOJMHLJOJMJDJOJMJDJOJMIPJSJMDJJOLGJLJOLGJLJOLGLGJOLGJGBXDHFOIEDJFAIEJMCLIEHUJCFWKMJYIEJZIYESHYCDGAJMJGGAJMFOKYJMFOKYJRGGKYJRGGDVJMCDDMJMFADVJMEBDVJMJGCZJMHCGAJNHCAQJMFAFNJNITJFFZLFJFJNAKDIDU
161,pound,Unmodified,FGKCIZFGKCIZFGKCIZFGKCIZFGKCIZFGKCIZFGKCIZJYBJIZJYBJIZJYBXJWJYBXJWJYBXJWJYBXJWJYBXIZJYBXIZJYJJIZJYJJIZJYJJIZJYGJIZJYBXESJYBJKAJYKCKAFGKCKAHFKCFLAEJJATAEJJATAEJJATITJJIAJYACATJYGJKFJYJJIUJYBJFQJYKCATJYKCKAJYKCIMJYIJIMJYJXIUJYKCLKJYBJDLJYJBDLJYJBIUCMLLKEJYJAAKFGDVAKKRLLJW
162,pound,Unmodified,KVKCKAHAKCIMHAKCIMHAKCIMHAKCKFHALLKFHAKCIMKVKCIMKVKCIMFKDWIMHAKCIZIKDWIUIKDWFDHWDWIUKRKCIWBTKCIUBTKCIUBTGJIMLAKCIMBTKCKSLAKCCJLAKCIUHWGJKJCQGJKJKDGJCJBTKCFCKDKCKJKDGJEXJYKCEXIXKCEXKHKCJWKHGJIMKHKCLBHAKCKJHOKCFMHAKCFMHAKCIUHOKCKEIUKCKEGCDIKEGCDIGRHNDIIUKHDIIVHWDIIVLAKCLK
163,pound,Unmodified,KDHDHCKDLMKFKDLMKFKDDNKFKDDNKFKDHDKOKDLMKFKDJXKFKDJXKFKDJXKFKDJXKFKDLHKFKDLHKFKDLHKFKDLHKFKDJXKFKDLHKFKDLHKFKDLHKFKDLHKOKDJXKFKDJXKFKDJXKFKDJXKFKDJXKFKDJXKFKDJXKFKDJXKFKDJXKFKDBXKFKDBXKFKDJXKFKDJXKEKDGJKEKDGJKOKMGJJWKDGJKOKDJXKFKDGJKFKMGJKEKDGJKEKDKCFUKMLDKEKDKCLFJYKCIM
164,pound,Unmodified,KDJXJWKDJXJWKDBXJWKDJXJWKDJXHTKDKCHUKDKCHTKDKCJWKDKCJWKDKCJWKDKCAGKDKCHTKDJXIZKDJXAZKDKCIQKDKCIQKDKCIZKDKCIQKDJBIZKDDIKSKDLHKSKDGJKSKDGJBIKDKCKXKDKCLBIGKCFCKDKCAGABKCKXFTJXKXKDJXFMKDJXAWHFBXAUKDBXEWKVJXKXKHJXAUANJXKXHADIIMIUBXAUKIKCEIGWBXGXCLBXGXHNKCDLKMKCKNKHJXIVJTDDKN
165,pound,Unmodified,JFLMLCJHLMLCLNLMJALNLMJJLNLMJJLNLMIQBCLMJELNCUJILNCUHYLNCUIMLNCUGJLNCUAUHSCUJJKIFNKLHSHIKLJFHIJJJFHIJJJFJTKLENKCKLENJXLJGBJXIMENJXCGLDLMENLDKGENLDJXENJBJXENJZJXAUASJXAUHSJXAUHSJXAUHSJXAUHSKGENHSJXKTHSJXACHSJXKTHSJXENJBJXENJBJXKCJFJXLKJFJXDLBUAMCGLNAMLJJFJXCAJFJXDLLJJXJJ
166,pound,Unmodified,BCJXIMBCJXKXKRJXIZKRJXIZKRJXIZKRJXIZKRJXIZKRESIZKRJXIZKRJXJWKRJXIMKRFWIMKRJXIMKRJXJMBCKCIMHAKCFHHAFWIUIKJXHLIKJKIMHALHFZIKLHIMITLHKEITLHEWITGJLBJYKCFCITKCLBITDIFCHAKCDLKHKCDLITKCDLJZDIGRITDIKFBCDIKFJZDIDLHADIJNHADIJNBCJXJNBCJXJNBCDNJNKRDNHLBCHDJNBYDVJNBYIJGRBYIJIUHUDMGR
167,pound,Unmodified,FTBJKEFTJXKEFTJXKEFTJXLJFTJXLJFTKCKEFTKCLJANKCLJKRKCLJIYJXLJELGJLJANGJLJFTDWLJLJBXLJLJGJLJFTJXLJFTJXKFFTJXLJFTGJLJFTGJLJFTKCLJFTKCFMFTKCKEFTKCKEFTKCKEFTKCKEFTKCKEFTGJKFKDGJKFKDGJKFBUGJKFLAGJKFLAGJKFLJGJKFFTKCFLLAKCFLKMKCFLLAKCFLFTKCFLKMKCKFKMKCFLFTKCFLFTKCLJFTKCFLFTKCFL
168,q,Unmodified,KRLLIQKRLLBDKRLLDLKRLLDLKRLLGLKRLLGLKRLLIXKRLCIXKRLCEQKRLCDLKRLCGLKRLCKDKRLCKJKRLCLHHSLCLLKRKBKOKRCFKOFAIJATKMLCATKVLCATIPLCBHITKKBHKHLLKXKRLLHTJYLLHTKILLGRKHLLKNKRLLGRKRLLGRKRBXGREULLGRLHKKGRBPKKKWGJKKATGJKKIUGJKYDLHODNGRHEDNKXIXKYIVIGKTCNFAKTLKKHCFLKCQDMFUHPCFCNHPCFDL
169,q,Unmodified,EVKKLGEVKKIUKRKKAKKRKKIUKRKKIUKVKKIUKRKKLGKHKKLGKHKKFVKHKKFVKVKKLBKVKKIUKVLCHKKVLCJWKVLCFVKVLCLGKVLCFUAJLCLGKMLCLGLALCBHEVKKKAELKKKJLEKKKJLAKKKJIFKKFVGGDDLGKHLLIUKHLLLGHWKKKNKVLLKNLHLLKNLHLLKNBYLLKNBYLLKNEVLLKNEUJAKNEUJAKNGLJAGRFALLGRIYLDJNKMHDATIXDMCYBCCFGRHECFKNKVCFCX
170,q,Unmodified,KILCAOKILLGNKILLLBKILLLBKILCLBKILCLBKILCIMKRLCLBKIFELBKIFEJLKIFEFQKIFEFQKILLAZKILLCNKILLBQKILLCNKILLEWKILLFUKILLEJKILCFVKDLCKJITLCKJGGLLIDGXLCLBJYLCLBITLCDHKHLLDHKILLLBCHLLLBKILLGIKILLCJKILLKNBELLKNKILLKNBLLLKNLJLLKWEPKKJGKIKYGIEPKKBMCLCUHTFXKYJTKICFGEJKIWKNLHGABZJFGAKS
171,q,Unmodified,KMLCKJHFLCKJHFLCIUHFLCIUKILCIUKILCLCHFLCGLKILCDLKILCKJKILCKJHALCCYAJLCCNBLLCCNBLLCKJBLLCCNHALCKJHALCKJFGKKKJFGKKLBKVKKKAHPKKLFKHKKLBKHLCDCEPLLDLKHKKEMKHLLGEGGKKKNEPFNGECLLLKNGWKKKNCLKKKNKQBXGNIXLLDAKVHZGIKILDDAAXHZGIARHZGEARINGEJWDNGNKIENHUEKHDIMJMHDLFEPHDCJKIKBHTJKKYIC
172,q,Unmodified,HSLCGNHSLLIHHSLLGLHSLLBMBPKLGXBPKLKJBPKLKJBPLCKJBPLCKJBPKLABFTKLABFTLCKJFTLCIUFTKLLGBBKLATHWKLKJHWKLKYHWLLKJGGCUFVGGCUKJKHLCLGKHLCLBKHKKKNKOKKLGKALLKNIOLLKNKALCKJKOLCKNKALCKNKQFNKNCDLLFCCDLLFCFXKKKDAXKKKDAXKKJDJKCUHWGOGAKNLJGAKNJOCFBDEKGADLIOGACNKZGABTITGAKUEHKYKUDSCFLB
173,q,Unmodified,KMLLIUKMLLLKKMLLLKKMLLLKKMLLBDKMLLLBKMLLKTKMLLFMKMLLHKKMLLHGKMLLGZKMLLKJKMLLCYKMLLKUKMLLLLKMLLDQKMLLKQKMLLKQKRLLCUKMLLCYDKLLBHKMLLBHKMLLBHKMCUBHKMCUBHFECULBJYLLBHBOLLHTKHLLFZBSLLEWLLJAAPAWJAKHDKJAEMHXLCEMAMJAEWCLFNKNHXLLKUFALLKOLALLIHFAAVKTFACFDAEVCFIQEVCFBQFACFBRFACFGE
174,q,Unmodified,KRKBGXKRKBGXHSKBHGKIKBHGKRKBHCIGLCHCHSKYHGIGKYJMBPLCFVBPLCJWBPLCJLLNKYHGLNKYIDLNKYIDIGLCFVKRKKJWKMKKEWKUKKLKKVFNHGIGKYHGIFKYIUKALLLBIFLCGNIFLCGNIZLLEWITLLKNGCLLKNALKKKNHZLLCJKQJAEMKQLLFCKQKKFCKQKKCNKQLLLDKQDWAWKQINBVKQINJTKOINGNBPINKSBPBAAOBPFWLGHRFWLBEYBAILATKYIMBAGACN
175,subin,Unmodified,LAHHKXLAKYKXLAKYKXLADNKXLADNKXLAIRKXIPHQKXIPISKXIBISKXIBISKXIBHQKXIBIRKXIBIRKXIBHQKXIBIRKXIBIRKXLAIRKXLAIRLBIBIRKXHXIRKXEVIRFMEVHQFMLAIRIMLAHZIMLAHZKXLAHZIMLADNDLLADNIULAHHIULAHHLBLAHHFQLAHHLBLADEIQLADEIMLAIRLBKMFIIMAVKYLBDMKTLBKZKTLBJOKTLBJOKTBHJOKTAOJOHQLBCHKTJLIXKTGE
176,subin,Unmodified,IPHZIVIPHZBDIPHVHYAXHVHYHSHVHYHSHVHYHSHVIVHSHVHYHSHVHYHSHVHYHSHZHYHWHZLFIXHZBVFGHHHYKVHHKSKVHHBDKVHHBDAXHHIHHWHHIHBTHZIHKVHZIHLAHVBDGGHVKJKZCGKJKZHVBMIXBSHKKZBFBMKHLCHPKHLCDCKZJALHKRLCBDKHLCBDDKLCBDIZLCHKFGLCDCIKJACNBGJAJZIBHZDHDFHZJMEPLCJMBGFIJMGQKTHLCHKTJIGLKTBDKZKTBD
177,subin,Unmodified,HWKYIZHWKYIZDTKYIZDTKYKXBCKYIVBCKYIVBCKYIVLAKYIVBCKYIVLAKYIVBGKYIVDFKYIZDFKYIZKVKYIZIBKYIZIBKYIZKMKYIZKMDMIZIXDMIZEPDMGNLAHVBDLJKYBVCHDNLDLAFRLDLAKYEWKMGYLDIOBNLDJOKBLDKZCOKRKZCOIVKZKBICKZGBLBKZKTJOKZGBJOKZKTIZIXCFGXIXCFIZIXKBKSIYKBIZKRKBGXDTBOKUDTBOHGDTBOJKDTLLKSBCBOLF
178,subin,Unmodified,BCDVHYKVDVHYBCKBHYBCKBHYKVDNHYKVDNIMBCDNFZBCBSFQBCLLLCBCLLFZBCLLABKVLHLCKVLLHYKVKGHYKVFJFQKVBJIQKVBXCJKVBXCJDKLLGNGGFSGNGGFSCJFKFSFCDKFILFGLJOLBGGJOFZIFJOLBIXINLBKZFIFCIXFIKWIXFIEQKZFIKWIXKTLBJKKTKWIXIWKWIXCFDQIXCFKXIXKBKWIXKBHYBTKBHYBTKBIHBTKBJMBTKBIHBTKBDPFOKBLBJGHDHK
179,subin,Unmodified,IBLCIQIBLCIQBGLCIQHOLCIQHOLLIMHXBFIMLAHHIQLAHVIQLAFIIQKRHVIQBGHVIQHXHVLCCLDIIQCLDIIQBGDIIQHOINIQBGFIIQDFFIDHBGFIHLDKFIFCDKHZFCLAKYFCLAHHKWIYINKWIXINAOLAIAKWLAKTKWLAKBKWLADNKWLAFRKWLAKBKWLAKBKWKZKBKWIXKBKWIXKBDQIXKBBDGLKBBMIXKBKJIYBNIQBTDVIQGWLLDQLALLGPLALLDPFTLLCTJXLLIM
180,subin,Unmodified,BGBSKSLABSKSBGFIKSBGBSKSBGBSIZKRFIKSLAFIKSLAKYKXLAFIKXLAFIKSBGFIBIBGFIKSBGFIKSBGFIKSLAFIKSKMFIKSGGFICJKVFILBIXJALBIXJALBIXKYKSKHKYLBHNKYLBHNKYBVKMKYLBIXKTGNIXKBLBIXHHLBCWHMDYKZCFGEKZKYBVIXGYLBIXGYLBKZGYIVIXKTBVIXKTBVKZKTIZIXKTIZKHKTIZKHKTIZKZDMFQJAKBIEKZKYKSHSKTJOJOAHHU
181,subin,Unmodified,LALCIQLALCIQLALCIQLALCIQLALCIQLABSIULABSIQLABSEHLABSKXLAKBKXLAKBIQLAKBIQLAKBIQLAKBIQLAKBIQLAKBIQIBKBIUDKKBIULAKYLBLAKYLBLABSLBIPAHLBLAKBBRIXKBGNANHHGNIXHHGEGLKYCJHWDVFCGLDVLBCHGYGELADVICKZDMFCKZHHGEKZDVAPKZGYLBIXAVKWIXAVKWEPDNKWIXAVCTCHDNDCIXDVKPKZDNHKIYDNBMIYKBHKKILLHK
182,tommy,Unmodified,KMINLKKMINLKHSINLKHSINLKKMINLKHAINLKHAINLKHAINLKHAINLKHAINLKHAINLKBCINLKDTJFLKBLJFLKHAINLKHAINLKHAINLKJYINLKJYLHLKHALHLKFFLHLKEUINLKKHINLKKHINLKKHINLKIDINLKECBJLKIFLHLKJMLHLKHXLLLKHELLLKDCBJLKFBLLLKIBBJLKEPLLLKEUDMLKHEIJLKHXHDLKHXHDLKHNLCLKKVHDLKCHLCLKIXHDLKIXIWLKCWHDLK
183,tommy,Unmodified,HFHZIULNHZABANHZIZDKLDIULNHZLGKMHZIZJYKGKJKHLDKJKHKGDLIYLMDLHAHZDLHALMIUKVLMKUHAHZIZHWLMIQHELMIULEHZFQIOHZIUIOLMIQFHLMLGIOLMIUIYLMIUGWLMIUFMFNIUKADIIUHNDIIUIZKGIUKVKGLCIPHZLCIXLCLGLJKKIUIPKKIZGLLMLGCMLMIUCILMIUJCHRIUIPBAIUCYESIUIXKYIUIXESIUGLKYIUGLIEIUBTIEIUKRKYIUEVFIIU
184,tommy,Unmodified,LNCVIMLNCVIMLNCVLBLNCVLBDBLCLBIOLCLBLALCLBBGLCLBGWLCIDBBLCIDHLLCIDHLLCIDJYLCLBJCLCLBIOLCEHAKLCCJKZLCIDILLCLBJWLCLGKZLCLGFFLCLGJGLCLGIFLCLGJGLCLGBBLCCJBBJFCJBBBJCJBBINCJBBLMCJGQLLCJDBLLDLDBJBLGDBLLLGCDLLIQIOJBLGIOLLLGAXLLCJCDBJCJKFINCJIOLLCJIOINCJIOINCJIODVDLIOHZDLIOKBDL
185,tommy,Unmodified,BLEYLFBLLMHYHWKPKXHJCUHPBLCUHPBLLMGNHWLMLFEPLMLKIXLMHPIXLMHPEPKGKXLJKGGXLJIJJMLNCFKXBYKGKXJMKGATLNEJKOLNEJKOCWEJKODOIWKOCWIAHPLJDVKOJMKGDQHXHDHCIXJXGXHWJXHPLNIAHPLIFWJMBCFWJMLIFWJMLIKYAZLIHDAZLIJFGXLIKYAZLIHDGXLIHDAZKVKYGXDKKYGXDXKYGXJUDMHCLIKYKSKHKYKXDKKYKXDKDNKXJLDMKX
186,tommy,Unmodified,ITLDGNEVLDGNDBLDHYDBLDICKVLDGNKVLDLBKVLDIMKVLDIMKVLDCNKVLDGRKVLDIULNLDGEDKLDDLKVLDGVLELDGELELDGELELDEIIFLDLGGWLDDLEULDILKHLDBQJLLDEVJLLDEVIYLDFALELLCILELCKOLELCIDKDLLAGBGLLHTEULLBHLJLCLFETLLLFGLLHLBHOLLBDBCJJGEGVJXKNLNLLGELNFWGNJWINKNIXINEMKPKKKNEKINHLKPJOGNHOHRLBKDHRLB
187,tommy,Unmodified,CGGULGCOGULGGBKPLGAHKPLGAHKPLGKUKPLGKUESLGJYKYLGIJKYLGAHGALGAHGALGBFGALGCOGALGCOHRLGAHHHLGAHKYLGCGKYLGASKYLGASKLLGJBLCLGELLCLGJVDNLGENDNLGGOLHLBAMFNLGCVLMLGJBLMLGLMLMLGLHLMLGCMLMLGHEHRLGASBSLGKIHZLGJOJALGBGKKFVBGFILGFBFILGIXIELGCHINLGCWFILGCWINLGCQINLGCQFILGEPFILGEPGYLG
188,tommy,Unmodified,CGGULGCOGULGGBKPLGAHKPLGAHKPLGKUKPLGKUESLGJYKYLGIJKYLGAHGALGAHGALGBFGALGCOGALGCOHRLGAHHHLGAHKYLGCGKYLGASKYLGASKLLGJBLCLGELLCLGJVDNLGENDNLGGOLHLBAMFNLGCVLMLGJBLMLGLMLMLGLHLMLGCMLMLGHEHRLGASBSLGKIHZLGJOJALGBGKKFVBGFILGFBFILGIXIELGCHINLGCWFILGCWINLGCQINLGCQFILGEPFILGEPGYLG
